seq_ID,city_name,origin_state,DEST_STATE_ABR,median_departure_delay_mins,sd_departure_delay_mins,prop_dep_early30,sd_arrival_delay_mins,median_net_delay_as_dest,sd_net_delay_as_dest,prop_dest_del30,busiest_day_of_week_dep,mean_dep_on_busiest_dow,busiest_day_of_week_arr,most_common_dest_apt,most_common_dest_city,most_common_origin_apt,most_common_origin_city,most_common_dest_state,most_common_origin_state
1348702,"Minneapolis, MN",MN,MN,0.5712581276957922,0.04577168156062418,-0.14746625234205302,0.38393262158948227,-1.0380008516197587,0.5811704328673725,-0.38794960464955625,1,2.7259717415468163,1,1393007,"Chicago, IL",1393007,"Chicago, IL",IL,IL
1349505,"New Orleans, LA",LA,LA,0.32992075018328415,-0.6345704584299342,-0.14746625234205302,-0.4628120718467727,-0.2879522028336053,0.10172670744451501,-0.5818259743804697,7,0.7187627387228377,7,1039707,"Atlanta, GA",1039707,"Atlanta, GA",TX,TX
1432105,"Portland, ME",ME,ME,-0.15275400484173188,-0.2540624777014312,-0.14746625234205302,1.134597541362307,-0.2879522028336053,-0.25598709785260065,0.3845236344336834,5,-0.24160673833868113,5,1127805,"Washington, DC",1127805,"Washington, DC",NY,NY
1143302,"Detroit, MI",MI,MI,0.32992075018328415,0.37181758303724477,-0.14048513797029255,0.7628116413593444,-0.7879846353577077,0.34023879024432907,-0.2574960155048841,1,2.718612588465885,1,1393007,"Chicago, IL",1393007,"Chicago, IL",FL,FL
1410005,"Philadelphia, PA",PA,PA,0.08858337267077615,-0.5401374306876269,-0.14746625234205302,-0.12784809508352557,-0.7879846353577077,0.20392812015669093,-0.5787471106336516,5,1.8851885020504293,5,1072102,"Boston, MA",1072102,"Boston, MA",FL,FL
1449202,"Raleigh/Durham, NC",NC,NC,0.32992075018328415,0.056734283455536307,-0.12985463524824417,-0.09374237428164973,-0.2879522028336053,0.2083168223563022,-0.04273084201569607,1,0.7960338460726151,4,1039707,"Atlanta, GA",1039707,"Atlanta, GA",NY,NY
1079206,"Buffalo, NY",NY,NY,0.32992075018328415,0.38629084532340535,-0.14746625234205302,-0.19437749755282824,-0.2879522028336053,0.15708149630417834,0.14824937215429632,1,0.049079808358100406,1,1247805,"New York, NY",1247805,"New York, NY",NY,NY
1538005,"Traverse City, MI",MI,MI,0.5712581276957922,0.3454967987843905,-0.14746625234205302,1.0283658875418078,-0.2879522028336053,1.3602134016107517,1.7327974781096451,1,-0.37223170552520957,1,1143302,"Detroit, MI",1143302,"Detroit, MI",MI,MI
1039707,"Atlanta, GA",GA,GA,0.5712581276957922,-0.6694642105790769,-0.14746625234205302,-0.14424883227250623,-0.7879846353577077,0.3417554389105623,-0.8414133797042866,1,7.58669235150186,1,1320402,"Orlando, FL",1320402,"Orlando, FL",FL,FL
1409803,"Newport News/Williamsburg, VA",VA,VA,-0.3940913823542399,-1.0388602770808888,-0.14746625234205302,-1.1803289634181646,-0.2879522028336053,-1.442917549371147,-1.5708813004740634,1,-0.40166831784893425,1,1039707,"Atlanta, GA",1039707,"Atlanta, GA",GA,GA
1098002,"Chattanooga, TN",TN,TN,-0.15275400484173188,0.14723068429764347,-0.14746625234205302,-0.42326707749029285,-0.037935986571554066,-0.05107781712193736,0.0013320007421984508,4,-0.22799230513895843,4,1039707,"Atlanta, GA",1039707,"Atlanta, GA",GA,GA
1295304,"New York, NY",NY,NY,0.5712581276957922,0.03997753372401241,-0.14746625234205302,0.5800550585013339,-0.037935986571554066,2.4152317767015847,2.369824445718245,1,3.3809363657496916,1,1393007,"Chicago, IL",1393007,"Chicago, IL",FL,FL
1069302,"Nashville, TN",TN,TN,0.5712581276957922,-0.30385076225316315,-0.14746625234205302,-0.26924767530973504,-0.5379684190956565,0.040123254972741815,-0.29672010709599517,1,1.1308753112549836,1,1039707,"Atlanta, GA",1039707,"Atlanta, GA",TX,TX
1247805,"New York, NY",NY,NY,0.32992075018328415,-0.16349412127125018,-0.14746625234205302,0.37618581548466395,-0.5379684190956565,0.9238686179765987,0.29739941942127646,1,2.172195472206745,4,1289208,"Los Angeles, CA",1289208,"Los Angeles, CA",CA,CA
1473003,"Louisville, KY",KY,KY,0.32992075018328415,0.3144254268929343,-0.14746625234205302,0.5142051063301972,-0.037935986571554066,0.15179754583342978,0.17252242866074013,4,0.026634391461260332,4,1039707,"Atlanta, GA",1039707,"Atlanta, GA",TX,TX
1087402,"Akron, OH",OH,OH,0.20925206142703015,0.3218357284431073,-0.14746625234205302,-0.20336811972660182,0.46209644595254834,-0.2572490529845471,0.41482192305561516,4,-0.2898091910187804,4,1105703,"Charlotte, NC",1105703,"Charlotte, NC",NC,NC
1161802,"Newark, NJ",NJ,NJ,0.5712581276957922,0.05286917495735454,-0.14746625234205302,0.901706285016683,-0.037935986571554066,1.4256381310612416,2.0048936158753135,4,2.2005282115683307,4,1320402,"Orlando, FL",1320402,"Orlando, FL",FL,FL
1058102,"Bangor, ME",ME,ME,0.08858337267077615,-0.18689153467470926,0.32094272274953306,-0.11341662386573123,0.08707212155947153,0.9556504882952374,1.3276855291197711,1,-0.37407149379544236,1,1295304,"New York, NY",1295304,"New York, NY",NY,NY
1452401,"Richmond, VA",VA,VA,0.08858337267077615,-0.11841297271051433,-0.14746625234205302,-0.037032222003035596,-0.037935986571554066,0.05061175235909241,0.304582890056803,4,0.06784564871447489,1,1039707,"Atlanta, GA",1039707,"Atlanta, GA",GA,GA
1387102,"Omaha, NE",NE,NE,0.32992075018328415,0.1821768483679053,-0.14746625234205302,-0.40524410501615915,-0.2879522028336053,0.3801790899771626,-0.1958949948995688,3,0.08697944672489602,3,1393007,"Chicago, IL",1393007,"Chicago, IL",IL,IL
1509602,"Syracuse, NY",NY,NY,0.08858337267077615,0.8643686826088715,-0.14746625234205302,0.35937078193253874,-0.037935986571554066,0.9017297747505745,0.93006779568401865,4,-0.1308514844706669,4,1393007,"Chicago, IL",1393007,"Chicago, IL",NY,NY
1412202,"Pittsburgh, PA",PA,PA,0.08858337267077615,-0.22491769710194215,-0.14746625234205302,0.01681719948359819,-0.2879522028336053,-0.012941151847150415,0.01731497487422834,1,0.5862979832660765,1,1295304,"New York, NY",1295304,"New York, NY",FL,FL
1129806,"Dallas/Fort Worth, TX",TX,TX,0.5712581276957922,-0.4576350224331739,-0.14746625234205302,0.2664773521880338,0.46209644595254834,0.4022235109728192,-0.23918803085665588,5,5.461736899382982,5,1289208,"Los Angeles, CA",1289208,"Los Angeles, CA",TX,TX
1468305,"San Antonio, TX",TX,TX,0.08858337267077615,-0.6434042712758039,-0.14746625234205302,-0.6004382114027053,-0.7879846353577077,-0.12781296592324748,-0.6288820708844622,3,0.3842892311945155,3,1129806,"Dallas/Fort Worth, TX",1129806,"Dallas/Fort Worth, TX",TX,TX
1562404,"Valparaiso, FL",FL,FL,-0.15275400484173188,-0.4906352195888492,-0.14746625234205302,0.32490931485568514,0.21208022969049714,-0.627735843681482,-0.4012286771003802,5,-0.30231975125636334,5,1039707,"Atlanta, GA",1039707,"Atlanta, GA",TX,TX
1099402,"Charleston, SC",SC,SC,-0.15275400484173188,-0.38147173213213403,-0.14746625234205302,-0.43861304491710185,-0.037935986571554066,-0.09974079574649265,-0.20495066445124116,3,-0.001330390246278176,3,1039707,"Atlanta, GA",1039707,"Atlanta, GA",GA,GA
1232305,"Wilmington, NC",NC,NC,-0.15275400484173188,-0.299142584212841,-0.14746625234205302,-0.6401170000194399,-0.037935986571554066,-0.6814113137459422,-0.8593894373222908,4,-0.2912810216349666,4,1105703,"Charlotte, NC",1105703,"Charlotte, NC",NC,NC
1343302,"Minot, ND",ND,ND,0.5712581276957922,0.5816431346049452,-0.14746625234205302,2.261975009518639,-1.0380008516197587,1.2699501396933763,-0.22433829794675328,4,-0.38842184230325816,4,1348702,"Minneapolis, MN",1348702,"Minneapolis, MN",MN,MN
1040805,"Appleton, WI",WI,WI,0.32992075018328415,-0.11861683718905652,-0.14746625234205302,1.1055948996186435,-0.2879522028336053,2.1065354694531693,0.7710685560278495,1,-0.3243972104991569,4,1348702,"Minneapolis, MN",1348702,"Minneapolis, MN",MN,MN
1106606,"Columbus, OH",OH,OH,0.32992075018328415,-0.28360965428178414,-0.14746625234205302,-0.1972328904513548,-0.2879522028336053,0.20250839338460513,0.09175375019853718,5,0.5237451820781615,5,1393007,"Chicago, IL",1393007,"Chicago, IL",IL,IL
1119302,"Cincinnati, OH",OH,KY,0.32992075018328415,-0.28441751014021827,-0.14746625234205302,0.34469529621921796,-0.2879522028336053,0.2184125373942546,0.2354277130302131,1,0.5568613709423518,1,1393007,"Chicago, IL",1393007,"Chicago, IL",IL,IL
1142307,"Des Moines, IA",IA,IA,0.32992075018328415,0.40227091700039536,-0.14746625234205302,-0.24196422908796206,-0.037935986571554066,0.8677173219931834,0.25161265183485493,1,-0.0870645236391264,1,1393007,"Chicago, IL",1393007,"Chicago, IL",IL,IL
1348502,"Madison, WI",WI,WI,0.08858337267077615,0.332987199381132,-0.14746625234205302,-0.2806055282165229,-0.2879522028336053,0.7277783817245982,0.25206099454389674,4,-0.16028809679439163,4,1393007,"Chicago, IL",1393007,"Chicago, IL",IL,IL
1541205,"Knoxville, TN",TN,TN,-0.3940913823542399,-0.38656283071309566,-0.14746625234205302,0.08041546713588564,0.21208022969049714,0.007642414169477214,0.3384555233575444,1,-0.07418600574749683,1,1039707,"Atlanta, GA",1039707,"Atlanta, GA",GA,GA
1105703,"Charlotte, NC",NC,NC,0.5712581276957922,-0.6829670053900665,-0.14746625234205302,-0.14676232392055766,-0.2879522028336053,0.2016193520906213,-0.7176316660552893,3,4.450957223717085,4,1039707,"Atlanta, GA",1039707,"Atlanta, GA",FL,FL
1153705,"Elmira/Corning, NY",NY,NY,-0.8767661373792559,-1.390350993257592,-0.14746625234205302,-1.2351390839522451,-1.7880495004059125,-0.4981208530351919,-1.9787428780769902,4,-0.4090274709298654,4,1476106,"Sanford, FL",1476106,"Sanford, FL",FL,FL
1379502,"Jacksonville/Camp Lejeune, NC",NC,NC,-0.15275400484173188,-0.9921469396774243,-0.14746625234205302,-0.8495844151544277,0.46209644595254834,-1.2062122457229096,-0.8118493297998904,3,-0.3634007218280922,3,1105703,"Charlotte, NC",1105703,"Charlotte, NC",NC,NC
1072102,"Boston, MA",MA,MA,0.32992075018328415,0.3138213367584646,-0.14746625234205302,1.04639673492341,-0.2879522028336053,1.4115868451714972,0.9215850067071517,1,2.5475122793342355,1,1295304,"New York, NY",1295304,"New York, NY",FL,FL
1082106,"Baltimore, MD",MD,MD,0.8125955052083003,-0.5525563729757014,-0.13642715491086405,-0.5224716517902804,-0.7879846353577077,-0.43696613531306816,-0.7384079583474612,3,1.5072959913446133,3,1039707,"Atlanta, GA",1039707,"Atlanta, GA",FL,FL
1294503,"Lexington, KY",KY,KY,-0.15275400484173188,0.4831026032794091,-0.14746625234205302,0.3185129638209621,0.21208022969049714,0.013161749219251938,0.6543716215630724,1,-0.21584970255542202,1,1039707,"Atlanta, GA",1039707,"Atlanta, GA",GA,GA
1393102,"Norfolk, VA",VA,VA,0.08858337267077615,0.6074290208704626,-0.14746625234205302,0.37725877157541476,-0.2879522028336053,0.02372044747839168,0.34326501657664693,5,0.07483684414135953,5,1105703,"Charlotte, NC",1105703,"Charlotte, NC",NY,NY
1013505,"Allentown/Bethlehem/Easton, PA",PA,PA,0.32992075018328415,0.014409930000301737,-0.14746625234205302,-0.1775143055042565,-0.037935986571554066,-0.19863962086251652,-0.16224825930839926,4,-0.3398514319691124,1,1143302,"Detroit, MI",1143302,"Detroit, MI",MI,MI
1078105,"Baton Rouge, LA",LA,LA,-0.15275400484173188,0.7172553352133042,-0.14746625234205302,0.09056802526130694,-0.037935986571554066,-1.078492308403029,-0.15556097553633175,3,-0.27361905424073174,3,1129806,"Dallas/Fort Worth, TX",1129806,"Dallas/Fort Worth, TX",TX,TX
1199502,"Greensboro/High Point, NC",NC,NC,-0.15275400484173188,-0.4561704678578767,-0.14746625234205302,-0.15506618220758725,-0.037935986571554066,-0.11029318950580219,0.2420273939174157,4,-0.10877402522787338,4,1105703,"Charlotte, NC",1105703,"Charlotte, NC",NC,NC
1501606,"St. Louis, MO",MO,MO,0.8125955052083003,-0.22532447444534318,-0.14746625234205302,-0.2539893323990378,-0.2879522028336053,-0.13285686197394758,-0.31802612412909154,1,0.9248190249889107,1,1295304,"New York, NY",1295304,"New York, NY",TX,TX
1220605,"Harlingen/San Benito, TX",TX,TX,-0.15275400484173188,-0.9110592208855995,-0.14746625234205302,-0.586057344191798,-0.2879522028336053,-0.3188301447666377,-0.6208622599599286,4,-0.3427950932014848,4,1219102,"Houston, TX",1219102,"Houston, TX",TX,TX
1244807,"Jackson/Vicksburg, MS",MS,MS,0.08858337267077615,-0.5635766907985191,-0.14746625234205302,-0.5820227813445543,0.21208022969049714,-0.842927215970967,-0.43465058813802054,5,-0.2600046210410091,5,1039707,"Atlanta, GA",1039707,"Atlanta, GA",TX,TX
1226402,"Washington, DC",NA,VA,0.32992075018328415,0.19576301673571267,-0.13128251076056122,0.28400781234681327,0.21208022969049714,0.037519450593497344,-0.40601185904256776,4,0.9009017774758843,4,1039707,"Atlanta, GA",1039707,"Atlanta, GA",CA,CA
1200704,"Columbus, MS",MS,MS,-0.8767661373792559,-0.7535667904611257,-0.14746625234205302,-1.0185903134541454,-1.1630089597507844,-0.7696127160828915,-1.3967940417411069,1,-0.4090274709298654,1,1039707,"Atlanta, GA",1039707,"Atlanta, GA",GA,GA
1086803,"Columbia, SC",SC,SC,0.08858337267077615,-0.6110640780695812,-0.14746625234205302,-0.41046780930795385,0.46209644595254834,-0.7651413238721665,-0.32878745231215156,1,-0.27104335066240587,3,1039707,"Atlanta, GA",1039707,"Atlanta, GA",GA,GA
1114606,"Charleston/Dunbar, WV",WV,WV,0.5712581276957922,0.5998668559944998,-0.14746625234205302,-0.6871482605966183,0.7121126622145996,-1.1927568115480538,-0.11889408420764364,1,-0.3427950932014848,1,1039707,"Atlanta, GA",1039707,"Atlanta, GA",GA,GA
1052906,"Hartford, CT",CT,CT,0.08858337267077615,-0.28804528334625557,-0.14746625234205302,0.012530509103033757,-0.2879522028336053,-0.09804249467378724,-0.28966978925890163,1,0.16498646938276645,4,1127805,"Washington, DC",1127805,"Washington, DC",FL,FL
1591904,"Fayetteville, AR",AR,AR,-0.15275400484173188,-0.21363316565636495,-0.14746625234205302,-0.07287498067092986,0.21208022969049714,0.3231078969422217,-0.3018893181390454,4,-0.14998528248108794,4,1129806,"Dallas/Fort Worth, TX",1129806,"Dallas/Fort Worth, TX",TX,TX
1120302,"Mosinee, WI",WI,WI,-0.15275400484173188,-0.575430380414117,-0.14746625234205302,-0.755713880611007,-0.2879522028336053,0.762942703064238,-0.9003292152624717,1,-0.3795908586061407,1,1393007,"Chicago, IL",1393007,"Chicago, IL",IL,IL
1226603,"Houston, TX",TX,TX,0.32992075018328415,-0.466649239279039,-0.14746625234205302,-0.19897128957593624,-0.037935986571554066,0.4413527484437138,-0.5950328263839662,5,3.160161773321756,5,1129806,"Dallas/Fort Worth, TX",1129806,"Dallas/Fort Worth, TX",TX,TX
1319801,"Kansas City, MO",MO,MO,0.5712581276957922,-0.19522190065834505,-0.1283342078732391,-0.05508121581710332,-0.2879522028336053,0.05194862132951162,-0.34739141919495786,5,0.7298014683442344,5,1039707,"Atlanta, GA",1039707,"Atlanta, GA",TX,TX
1481402,"Shreveport, LA",LA,LA,0.08858337267077615,-0.5809037550341989,-0.14746625234205302,0.07390883581188752,0.46209644595254834,-0.4885150786053451,-0.11468801168861342,1,-0.29864017471589777,1,1129806,"Dallas/Fort Worth, TX",1129806,"Dallas/Fort Worth, TX",TX,TX
1393007,"Chicago, IL",IL,IL,0.8125955052083003,0.2872267921672922,-0.14746625234205302,1.3612635944521019,0.21208022969049714,1.7421537027882366,1.1605919860029021,4,6.1038230056942275,5,1295304,"New York, NY",1295304,"New York, NY",NY,NY
1302902,"Lincoln, NE",NE,NE,-0.15275400484173188,-0.052037689655750806,-0.14746625234205302,-0.8075106979812932,-2.0380657166679637,0.83702520012516,-1.0734891326656162,1,-0.3961489530382359,1,1348702,"Minneapolis, MN",1348702,"Minneapolis, MN",MN,MN
1198603,"Grand Rapids, MI",MI,MI,0.5712581276957922,0.2834795588915384,-0.14746625234205302,-0.10845772546813438,-0.037935986571554066,1.077943211428285,0.4956173593807663,4,-0.04254164749949278,4,1393007,"Chicago, IL",1393007,"Chicago, IL",IL,IL
1062702,"Bismarck/Mandan, ND",ND,ND,-0.15275400484173188,-0.07095893012862184,-0.14746625234205302,0.9117594510661716,-0.2879522028336053,1.259215535523991,0.8719025567821762,4,-0.35456973813097475,4,1348702,"Minneapolis, MN",1348702,"Minneapolis, MN",MN,MN
1126702,"Dayton, OH",OH,OH,-0.15275400484173188,-0.38023294749885644,-0.14746625234205302,0.05519918860849802,-0.2879522028336053,0.13825312672110548,-0.013809748331124925,1,-0.15329690136750698,1,1105703,"Charlotte, NC",1105703,"Charlotte, NC",NC,NC
1233904,"Indianapolis, IN",IN,IN,0.32992075018328415,-0.2694054749963714,-0.14746625234205302,0.009649964604526008,-0.2879522028336053,0.21636694282300165,-0.06458064700722314,1,0.5495022178614206,1,1393007,"Chicago, IL",1393007,"Chicago, IL",FL,FL
1104205,"Cleveland, OH",OH,OH,0.32992075018328415,0.23337468772005845,-0.14746625234205302,0.12214287274045953,-0.037935986571554066,0.4144227382770402,0.33276541694928546,4,0.5667962276016087,4,1295304,"New York, NY",1393007,"Chicago, IL",NY,NY
1172105,"Flint, MI",MI,MI,0.32992075018328415,-0.4512799542121531,-0.14746625234205302,-0.12682721918491419,0.9621288784766507,0.5966930815781061,0.07975849594248804,1,-0.35015424628241604,1,1393007,"Chicago, IL",1393007,"Chicago, IL",IL,IL
1099005,"Charlottesville, VA",VA,VA,-0.3940913823542399,-0.2328323171863899,-0.14746625234205302,1.0274039545242695,-0.2879522028336053,-0.42215742762877073,-0.15163324327468902,1,-0.3096789043372945,3,1105703,"Charlotte, NC",1105703,"Charlotte, NC",NC,NC
1127805,"Washington, DC",NA,VA,0.32992075018328415,-0.06201628548370805,-0.14746625234205302,0.13097307871105834,-0.2879522028336053,0.9857191372995321,0.08277547470993094,1,2.6652587286291345,1,1393007,"Chicago, IL",1393007,"Chicago, IL",FL,FL
1100303,"Cedar Rapids/Iowa City, IA",IA,IA,0.08858337267077615,0.5874430559908949,-0.14746625234205302,-0.128886987595841,0.21208022969049714,0.539486537616453,-0.03540242008657392,4,-0.24418244191700705,4,1393007,"Chicago, IL",1393007,"Chicago, IL",IL,IL
1334207,"Milwaukee, WI",WI,WI,0.8125955052083003,0.05289134268114607,-0.14746625234205302,0.2628175534783812,-0.5379684190956565,0.3682018955545222,0.043745975809688364,1,0.21834032921951751,1,1039707,"Atlanta, GA",1039707,"Atlanta, GA",FL,FL
1245102,"Jacksonville, FL",FL,FL,0.08858337267077615,-0.01878198301770847,-0.14746625234205302,-0.32522846495164015,-0.2879522028336053,0.26794272732902535,-0.1532967232788397,4,0.2562399675863131,4,1039707,"Atlanta, GA",1039707,"Atlanta, GA",GA,GA
1161206,"Evansville, IN",IN,IN,-0.15275400484173188,-0.4685511175086546,-0.14746625234205302,0.6441122889196301,-0.5379684190956565,0.3383573055013067,0.03961743646559056,4,-0.3383796013529261,4,1039707,"Atlanta, GA",1039707,"Atlanta, GA",GA,GA
1177801,"Fort Smith, AR",AR,AR,-0.635428759866748,-0.26670671840662735,-0.14746625234205302,-0.7427941855197536,1.212145094738702,-1.3044926116984177,-0.6452553249560438,1,-0.3869500116870719,3,1129806,"Dallas/Fort Worth, TX",1129806,"Dallas/Fort Worth, TX",TX,TX
1195302,"Gainesville, FL",FL,FL,0.32992075018328415,-0.4617180813595748,-0.14746625234205302,-0.3950627088551242,0.21208022969049714,-0.8775553012688065,-0.9929816567155502,4,-0.33690777073673983,3,1039707,"Atlanta, GA",1039707,"Atlanta, GA",GA,GA
1457606,"Rochester, NY",NY,NY,0.32992075018328415,0.377587727351787,-0.14746625234205302,0.05882257900833194,-0.2879522028336053,0.667256254030754,0.536073852109049,4,-0.14704162124871548,4,1247805,"New York, NY",1247805,"New York, NY",NY,NY
1410803,"Peoria, IL",IL,IL,0.5712581276957922,-0.3349645332988521,-0.14746625234205302,0.04963248430145013,0.7121126622145996,0.193916635506021,0.32100674021421194,1,-0.33543594012055367,1,1393007,"Chicago, IL",1393007,"Chicago, IL",IL,IL
1221702,"Huntsville, AL",AL,AL,-0.15275400484173188,-0.5391027163226442,-0.14746625234205302,-0.3586118314924633,0.21208022969049714,-0.18318768924110485,-0.06534008575717248,4,-0.23829511945226214,4,1039707,"Atlanta, GA",1039707,"Atlanta, GA",TX,TX
1197302,"Gulfport/Biloxi, MS",MS,MS,-0.15275400484173188,-0.8442479538587917,-0.14746625234205302,-0.7231453727172115,0.21208022969049714,-0.6423754167614303,-0.5083847537773631,3,-0.3383796013529261,3,1039707,"Atlanta, GA",1039707,"Atlanta, GA",TX,TX
1327702,"Montgomery, AL",AL,AL,0.08858337267077615,-0.12126120161216461,-0.14746625234205302,0.21486743144440956,-0.2879522028336053,-1.1663466801387599,-0.8228998605794223,1,-0.35015424628241604,1,1039707,"Atlanta, GA",1039707,"Atlanta, GA",GA,GA
1197705,"Green Bay, WI",WI,WI,0.08858337267077615,0.5108408007228681,-0.14746625234205302,0.18218587966571662,-0.2879522028336053,1.061101786408981,0.7287637647339287,5,-0.34095530493125203,5,1393007,"Chicago, IL",1393007,"Chicago, IL",IL,IL
1468502,"Savannah, GA",GA,GA,0.08858337267077615,0.3385680186208049,-0.14746625234205302,-0.39750656133554346,-0.037935986571554066,-0.12367483751733413,-0.07275362027441391,5,-0.12570007731401509,5,1039707,"Atlanta, GA",1039707,"Atlanta, GA",GA,GA
1320402,"Orlando, FL",FL,FL,0.5712581276957922,-0.41382596993901544,-0.14746625234205302,-0.22614307340053208,-0.5379684190956565,0.6480907642827408,-0.21357992386888006,6,2.6008661391709866,6,1039707,"Atlanta, GA",1039707,"Atlanta, GA",NY,NY
1078502,"Burlington, VT",VT,VT,0.5712581276957922,0.9051516549864512,-0.14746625234205302,0.6131456838449421,0.7121126622145996,1.8060640775562065,0.9722555951677162,3,-0.24859793376556572,3,1247805,"New York, NY",1247805,"New York, NY",NY,NY
1018502,"Alexandria, LA",LA,LA,-0.635428759866748,-0.9963143298823331,-0.14746625234205302,0.31966539220301937,0.21208022969049714,-0.8202171674470146,-0.9767522307375164,1,-0.36487255244427835,1,1039707,"Atlanta, GA",1039707,"Atlanta, GA",TX,TX
1020803,"Augusta, GA",GA,GA,-0.15275400484173188,-0.670343542494523,-0.14746625234205302,-0.9149245131355684,-0.2879522028336053,-1.5948936417978778,-1.176332712051054,4,-0.3427950932014848,5,1039707,"Atlanta, GA",1039707,"Atlanta, GA",GA,GA
1043105,"Asheville, NC",NC,NC,-0.15275400484173188,1.1197578562484778,-0.14746625234205302,0.287808080192033,0.46209644595254834,-0.31935190093728727,0.023108334443497903,5,-0.26736377412194023,5,1039707,"Atlanta, GA",1039707,"Atlanta, GA",GA,GA
1219702,"White Plains, NY",NY,NY,0.32992075018328415,1.1239666475145573,-0.14746625234205302,1.0707436500128393,-0.2879522028336053,-0.06501450891300405,0.7884410561213291,1,-0.19377224331262846,1,1402702,"West Palm Beach/Palm Beach, FL",1402702,"West Palm Beach/Palm Beach, FL",FL,FL
1498603,"Sarasota/Bradenton, FL",FL,FL,0.32992075018328415,0.10467890770407043,-0.14746625234205302,-0.4376177439279834,0.21208022969049714,0.7938040157220447,-0.44094454318740484,1,-0.2563250445005435,1,1039707,"Atlanta, GA",1039707,"Atlanta, GA",GA,GA
1430705,"Providence, RI",RI,RI,0.5712581276957922,-0.2430689369041007,-0.14746625234205302,-0.2107322450343257,-0.5379684190956565,0.30233444513422675,-0.05475486601017845,3,-0.09258388844982478,5,1127805,"Washington, DC",1127805,"Washington, DC",FL,FL
1059904,"Birmingham, AL",AL,AL,0.32992075018328415,-0.48592951124130673,-0.08807145434773084,-0.45313971514858437,-0.037935986571554066,-0.5663231810090111,-0.20242930703254297,1,-0.05394833477493609,1,1039707,"Atlanta, GA",1039707,"Atlanta, GA",TX,TX
1289208,"Los Angeles, CA",CA,CA,0.5712581276957922,-0.3442892049180983,-0.14746625234205302,0.02289056733173434,-0.5379684190956565,1.2959961357422503,-0.26059566136430357,4,4.10066153706476,5,1477104,"San Francisco, CA",1477104,"San Francisco, CA",CA,CA
1410702,"Phoenix, AZ",AZ,AZ,0.5712581276957922,-0.5742334524255852,-0.14746625234205302,-0.028609210014724593,-0.2879522028336053,0.193936381806267,-0.7020173020071356,4,3.2249223204339503,5,1129202,"Denver, CO",1129202,"Denver, CO",CA,CA
1330303,"Miami, FL",FL,FL,0.5712581276957922,-0.4359438537123946,-0.14746625234205302,0.039149490125846786,-0.2879522028336053,0.9860033055029144,-0.2629654651478443,4,1.516126975041731,5,1039707,"Atlanta, GA",1039707,"Atlanta, GA",FL,FL
1405702,"Portland, OR",OR,OR,0.08858337267077615,-0.28451008387659393,-0.14746625234205302,-0.6197808370958979,-0.037935986571554066,0.5422278861835524,-0.6619376016747762,5,0.7629176572084247,4,1477104,"San Francisco, CA",1477104,"San Francisco, CA",CA,CA
1477104,"San Francisco, CA",CA,CA,0.32992075018328415,0.13828233503420406,-0.14746625234205302,1.018174873866056,-0.5379684190956565,2.0175701948805522,1.3564926406493556,5,3.0037797703519686,5,1289208,"Los Angeles, CA",1289208,"Los Angeles, CA",CA,CA
1474703,"Seattle, WA",WA,WA,0.32992075018328415,-0.5686939389406835,-0.14746625234205302,-0.20295737202374653,-0.5379684190956565,1.1217094340162868,-0.705586036527933,5,2.1317201302616238,5,1477104,"San Francisco, CA",1477104,"San Francisco, CA",CA,CA
1537002,"Tulsa, OK",OK,OK,-0.15275400484173188,-0.5641977819731504,-0.14746625234205302,-0.5372296604074065,-0.2879522028336053,-0.713870414413286,-0.4490407789979001,1,-0.06682685266656566,1,1129806,"Dallas/Fort Worth, TX",1129806,"Dallas/Fort Worth, TX",TX,TX
1275804,"Kona, HI",HI,HI,-0.15275400484173188,-0.7957101596404702,-0.14746625234205302,-0.6065020993826368,0.7121126622145996,0.8779004898660604,-1.2181084091077736,6,-0.12202050077354949,6,1217305,"Honolulu, HI",1217305,"Honolulu, HI",HI,HI
1385103,"Oklahoma City, OK",OK,OK,0.08858337267077615,0.40611615890662717,-0.14746625234205302,0.17384295457708707,-0.037935986571554066,-0.06648657295327516,-0.0389134236240453,4,0.0442963588554951,4,1129806,"Dallas/Fort Worth, TX",1129806,"Dallas/Fort Worth, TX",TX,TX
1288903,"Las Vegas, NV",NV,NV,0.5712581276957922,-0.4878561205138028,-0.14746625234205302,-0.4546640263423875,-0.2879522028336053,0.2658452212725199,-0.47566099709694126,1,2.963304428406847,1,1289208,"Los Angeles, CA",1289208,"Los Angeles, CA",CA,CA
1402702,"West Palm Beach/Palm Beach, FL",FL,FL,0.32992075018328415,-0.08818405829645724,-0.1132303804084487,-0.03806198665652173,-0.7879846353577077,1.6807174162294372,0.6007060181144935,4,0.1767611143122563,4,1039707,"Atlanta, GA",1039707,"Atlanta, GA",NY,NY
1129202,"Denver, CO",CO,CO,0.8125955052083003,-0.46604094716044175,-0.14746625234205302,0.016290839923411553,-0.5379684190956565,0.4358058657143742,-0.380405120476402,5,4.151807650977232,5,1410702,"Phoenix, AZ",1410702,"Phoenix, AZ",CA,CA
1201205,"Gunnison, CO",CO,CO,-0.3940913823542399,-0.6203679330316181,-0.14746625234205302,-0.380530282548523,1.5871694191317787,0.5749386382287568,0.9133664903801283,5,-0.4200662005512622,5,1129806,"Dallas/Fort Worth, TX",1129806,"Dallas/Fort Worth, TX",TX,TX
1463502,"Fort Myers, FL",FL,FL,0.08858337267077615,0.2820298981428037,-0.14746625234205302,-0.039187532474370415,-0.7879846353577077,1.2868005534943177,-0.06823338298959591,6,0.5071870876460663,6,1393007,"Chicago, IL",1393007,"Chicago, IL",IL,IL
1188402,"Spokane, WA",WA,WA,0.08858337267077615,-0.21642427741226958,-0.14746625234205302,-0.5947696759854562,-0.5379684190956565,0.27419123685887054,-0.46133681140294286,5,-0.19193245504239567,5,1474703,"Seattle, WA",1474703,"Seattle, WA",CA,CA
1042302,"Austin, TX",TX,TX,0.32992075018328415,-0.33129641957648936,-0.14746625234205302,-0.542120110633721,-0.5379684190956565,0.03746579779730907,-0.5746456448415771,5,0.8107521522344774,4,1129806,"Dallas/Fort Worth, TX",1129806,"Dallas/Fort Worth, TX",TX,TX
1530402,"Tampa, FL",FL,FL,0.5712581276957922,-0.4292576500209972,-0.14746625234205302,-0.412200022796371,-0.2879522028336053,0.5744069412856952,-0.3061708396738679,5,1.1934281124428987,4,1039707,"Atlanta, GA",1039707,"Atlanta, GA",TX,TX
1467903,"San Diego, CA",CA,CA,0.32992075018328415,-0.5798861488915025,-0.14746625234205302,-0.5757826261340383,-0.037935986571554066,0.4469193858065989,-0.6063662518084463,5,1.458357623356421,1,1477104,"San Francisco, CA",1477104,"San Francisco, CA",CA,CA
1486903,"Salt Lake City, UT",UT,UT,0.5712581276957922,0.01820221633430551,-0.14746625234205302,0.3424541053536123,-0.037935986571554066,0.447674317140352,-0.593920764789259,5,1.9109455378336886,5,1129202,"Denver, CO",1129202,"Denver, CO",CA,CA
1323002,"Harrisburg, PA",PA,PA,0.08858337267077615,0.7423672251228856,-0.14746625234205302,-0.24867429187705117,0.46209644595254834,0.787729365113678,0.46320874219810315,7,-0.2931208099051994,7,1393007,"Chicago, IL",1393007,"Chicago, IL",IL,IL
1483106,"San Jose, CA",CA,CA,0.32992075018328415,-0.8060105314418339,-0.14746625234205302,-0.7175724074235588,-0.2879522028336053,-0.10691572683091673,-0.8734303886801349,1,0.8420285528284349,1,1467903,"San Diego, CA",1467903,"San Diego, CA",CA,CA
1379608,"Oakland, CA",CA,CA,0.5712581276957922,-1.0060325141307267,-0.14746625234205302,-0.7240389134086596,-0.7879846353577077,0.031575528580718784,-0.8298468047854772,4,0.6345004359461758,4,1289208,"Los Angeles, CA",1289208,"Los Angeles, CA",CA,CA
1490803,"Santa Ana, CA",CA,CA,0.32992075018328415,-0.620775255333348,-0.14746625234205302,-0.7756383520092678,0.21208022969049714,-0.28540880551123815,-0.8684329223664493,5,0.43359555683675444,1,1483106,"San Jose, CA",1483106,"San Jose, CA",CA,CA
1324402,"Memphis, TN",TN,TN,0.08858337267077615,-0.4000587613967118,-0.14746625234205302,0.04679707085603804,-0.2879522028336053,0.0651754462988942,-0.27386425617499827,5,0.06563790279019556,5,1039707,"Atlanta, GA",1039707,"Atlanta, GA",TX,TX
1537604,"Tucson, AZ",AZ,AZ,-0.15275400484173188,-0.6133838234276081,-0.14746625234205302,-0.16967483728600255,-0.037935986571554066,-0.35239875801378856,-0.4569267867020603,1,0.008604466412978925,1,1410702,"Phoenix, AZ",1410702,"Phoenix, AZ",CA,CA
1489302,"Sacramento, CA",CA,CA,0.32992075018328415,-0.8415011899171302,-0.14746625234205302,-0.6789984042084756,-0.2879522028336053,-0.6009569544531852,-0.7532915018924524,5,0.5826184067256108,5,1467903,"San Diego, CA",1467903,"San Diego, CA",CA,CA
1014005,"Albuquerque, NM",NM,NM,0.32992075018328415,-0.6981660789516095,-0.14746625234205302,-0.5565590124949958,-0.037935986571554066,-0.6398764453085249,-0.6656100822699089,5,0.008604466412978925,4,1410702,"Phoenix, AZ",1410702,"Phoenix, AZ",TX,TX
1244102,"Jackson, WY",WY,WY,0.5712581276957922,2.353636368878211,-0.14746625234205302,0.014537174973542474,-0.037935986571554066,2.060105175479349,0.6925947828643173,6,-0.296800386445665,6,1486903,"Salt Lake City, UT",1486903,"Salt Lake City, UT",UT,UT
1502403,"Charlotte Amalie, VI",NA,NA,-0.15275400484173188,0.0811059037448672,-0.14746625234205302,0.0024635841111748475,0.7121126622145996,0.2612162508998128,0.032436625275373165,6,-0.3317563635800881,6,1330303,"Miami, FL",1330303,"Miami, FL",FL,FL
1150305,"Eagle, CO",CO,CO,1.0539328827208083,1.1179943426396037,-0.14746625234205302,0.9495384287436627,0.46209644595254834,2.5598898306999747,1.4298145918903273,6,-0.2839218685540354,6,1129202,"Denver, CO",1129202,"Denver, CO",TX,TX
1071302,"Boise, ID",ID,ID,0.08858337267077615,-0.5233926345691156,-0.14746625234205302,-0.15346181557720004,-0.2879522028336053,-0.24545345694887943,-0.5085563441758111,5,-0.03923002861307373,5,1474703,"Seattle, WA",1474703,"Seattle, WA",CA,CA
1169706,"Fort Lauderdale, FL",FL,FL,0.8125955052083003,-0.48313974633666856,-0.14746625234205302,0.09785343189039539,-0.5379684190956565,1.0762648710008267,0.14337615735281778,5,1.7048892515676155,5,1039707,"Atlanta, GA",1039707,"Atlanta, GA",NY,NY
1426204,"Palm Springs, CA",CA,CA,-0.15275400484173188,-0.19433381619905396,-0.14746625234205302,-0.22903640391407348,0.46209644595254834,0.5640167892175784,0.014253397758768983,7,-0.10730219461168714,1,1477104,"San Francisco, CA",1477104,"San Francisco, CA",CA,CA
1350202,"Montrose/Delta, CO",CO,CO,0.32992075018328415,-0.4729901191073627,-0.14746625234205302,-0.5301888097292241,0.46209644595254834,1.4459305017635196,0.5570921478890333,6,-0.3317563635800881,6,1129806,"Dallas/Fort Worth, TX",1129806,"Dallas/Fort Worth, TX",TX,TX
1389101,"Ontario, CA",CA,CA,0.5712581276957922,-0.44609810193558946,-0.14746625234205302,-0.6658529612302798,-0.037935986571554066,-0.3837176258006339,-0.5663379660472587,4,-0.014576865791954276,4,1410702,"Phoenix, AZ",1410702,"Phoenix, AZ",CA,CA
1383002,"Kahului, HI",HI,HI,0.08858337267077615,0.06947841184122597,-0.14746625234205302,-0.24667249695980936,0.7121126622145996,0.9160124675863375,-1.1251063802477692,6,0.11531218608648101,6,1217305,"Honolulu, HI",1217305,"Honolulu, HI",HI,HI
1298202,"Lihue, HI",HI,HI,-0.15275400484173188,-0.25645305278630165,-0.14746625234205302,-0.9323553787093181,0.9621288784766507,0.7684491177918606,-1.3018662173742606,6,-0.12753986558424787,6,1217305,"Honolulu, HI",1217305,"Honolulu, HI",HI,HI
1217305,"Honolulu, HI",HI,HI,0.32992075018328415,-0.558636027136562,-0.14746625234205302,-0.36535941075502415,0.9621288784766507,1.1328077266410554,-1.057385759802249,5,0.5568613709423518,5,1383002,"Kahului, HI",1383002,"Kahului, HI",HI,HI
1457002,"Reno, NV",NV,NV,0.32992075018328415,0.564828075824564,-0.14746625234205302,-0.36692265437226657,-0.2879522028336053,-0.5320427575752197,-0.41927214018344605,7,-0.035550452072608145,5,1288903,"Las Vegas, NV",1288903,"Las Vegas, NV",CA,CA
1357702,"Myrtle Beach, SC",SC,SC,-0.3940913823542399,0.32097745068986716,-0.14746625234205302,-0.5579522198459723,-0.037935986571554066,-0.7809417867019303,-0.6882602145502692,3,-0.275090884856918,3,1105703,"Charlotte, NC",1105703,"Charlotte, NC",NC,NC
1484306,"San Juan, PR",NA,NA,0.5712581276957922,-0.01875581502014574,-0.11151336110083226,-0.15268786798470932,-0.037935986571554066,0.36076031508378603,0.16118993026650008,6,0.17050583419346485,6,1320402,"Orlando, FL",1320402,"Orlando, FL",FL,FL
1329604,"Manchester, NH",NH,NH,0.08858337267077615,-0.8740824359404177,-0.14746625234205302,-0.48629953210326854,-0.037935986571554066,-0.29622749971204104,-0.2389583361145052,2,-0.27803454608929046,4,1082106,"Baltimore, MD",1082106,"Baltimore, MD",MD,MD
1199603,"Greer, SC",SC,SC,0.08858337267077615,-4.6489690893076395e-4,-0.14746625234205302,-0.25781150644934403,-0.2879522028336053,-0.6533501283173121,-0.24173652049547967,5,-0.11098177115215271,5,1039707,"Atlanta, GA",1039707,"Atlanta, GA",GA,GA
1209402,"Hayden, CO",CO,CO,0.5712581276957922,0.9712436611165514,-0.14746625234205302,-0.16111035113308797,-0.2879522028336053,0.9439881296993939,0.45855896872759716,6,-0.32807678703962245,6,1129806,"Dallas/Fort Worth, TX",1129806,"Dallas/Fort Worth, TX",TX,TX
1025702,"Albany, NY",NY,NY,0.32992075018328415,0.35027248726503946,0.038628509771082474,-0.27367464219519416,-0.2879522028336053,0.3744048865924227,0.2553303700289297,4,-0.1926683703504888,1,1082106,"Baltimore, MD",1082106,"Baltimore, MD",FL,FL
1163807,"Fresno, CA",CA,CA,-0.15275400484173188,0.7071857572210662,-0.14746625234205302,0.43303109225070024,0.46209644595254834,-0.1378663561229466,-0.015375744051185204,4,-0.1808937254209989,4,1289208,"Los Angeles, CA",1289208,"Los Angeles, CA",CA,CA
1502704,"Christiansted, VI",NA,NA,-0.2734226935979859,-1.0574490004480044,-0.14746625234205302,-1.024888248761361,0.46209644595254834,-1.6118162077885883,-0.7134450293770012,6,-0.39982852957870146,6,1330303,"Miami, FL",1330303,"Miami, FL",FL,FL
1110902,"Colorado Springs, CO",CO,CO,-0.15275400484173188,0.20929111639936157,-0.14746625234205302,0.5925321035072768,-0.2879522028336053,0.19258883195747142,0.23177337990563504,2,-0.24859793376556572,5,1129202,"Denver, CO",1129202,"Denver, CO",TX,CO
1227805,"Wichita, KS",KS,KS,-0.15275400484173188,0.3966278760079746,-0.14746625234205302,-0.4669798088869708,0.21208022969049714,-0.2558672594666419,-0.13864758580671588,7,-0.22320885563635318,7,1129806,"Dallas/Fort Worth, TX",1129806,"Dallas/Fort Worth, TX",TX,TX
1154005,"El Paso, TX",TX,TX,0.32992075018328415,-0.44161359581239573,-0.14746625234205302,-0.7011571519027339,-0.037935986571554066,-0.49060618059500294,-0.3820802342834944,5,-0.09626346499029037,3,1129806,"Dallas/Fort Worth, TX",1129806,"Dallas/Fort Worth, TX",TX,TX
1084905,"Bozeman, MT",MT,MT,-0.15275400484173188,0.7337282799709162,-0.14746625234205302,-0.3710165353108352,-1.1630089597507844,1.090039303379407,0.009582312737278375,7,-0.27288313893263866,7,1129202,"Denver, CO",1129202,"Denver, CO",CO,CO
1046902,"Kalamazoo, MI",MI,MI,-0.15275400484173188,1.4137652240721932,-0.14746625234205302,-0.14526244091915588,-0.5379684190956565,1.4838434638794613,0.7340108706308491,4,-0.3928373341518168,4,1393007,"Chicago, IL",1393007,"Chicago, IL",IL,IL
1198002,"Grand Island, NE",NE,NE,0.8125955052083003,-0.6170241746048808,-0.14746625234205302,-0.8881483187950684,0.9621288784766507,-1.0234951062655426,-0.5179325338052826,1,-0.40166831784893425,1,1129806,"Dallas/Fort Worth, TX",1129806,"Dallas/Fort Worth, TX",TX,TX
1496002,"Wichita Falls, TX",TX,TX,-0.15275400484173188,-0.721753531816085,-0.14746625234205302,-1.1862289307880736,0.7121126622145996,-1.732255747463055,-1.0088281508505177,1,-0.4090274709298654,3,1129806,"Dallas/Fort Worth, TX",1129806,"Dallas/Fort Worth, TX",TX,TX
1507402,"Stillwater, OK",OK,OK,-0.3940913823542399,-1.5067277159132755,-0.14746625234205302,-1.328038483065887,0.21208022969049714,-2.177783087240383,-1.7179789186259387,1,-0.4163866240107966,3,1129806,"Dallas/Fort Worth, TX",1129806,"Dallas/Fort Worth, TX",TX,TX
1114008,"Corpus Christi, TX",TX,TX,-0.3940913823542399,-1.114972526389505,-0.14746625234205302,-0.8972903772975134,-0.2879522028336053,-1.005320165880723,-0.8605917503628436,1,-0.3207176339586913,1,1129806,"Dallas/Fort Worth, TX",1129806,"Dallas/Fort Worth, TX",TX,TX
1111105,"Columbia, MO",MO,MO,-0.15275400484173188,0.38688067582741886,-0.14746625234205302,-0.018472176619365063,0.9621288784766507,-0.07654050878605548,1.9732078117401897,2,-0.38400635045469944,1,1393007,"Chicago, IL",1393007,"Chicago, IL",IL,IL
1163703,"Fargo, ND",ND,ND,1.0539328827208083,1.5133227391372348,-0.14746625234205302,0.13896042833520383,0.21208022969049714,0.7338484891964827,0.07372183502160956,4,-0.3089429890292014,4,1348702,"Minneapolis, MN",1348702,"Minneapolis, MN",MN,MN
1325602,"Mission/McAllen/Edinburg, TX",TX,TX,-0.635428759866748,-0.8004292148612694,-0.14746625234205302,-0.565059093000729,0.33708833782152275,-1.014548499403739,-0.22901671016043385,5,-0.32623699876938966,5,1129806,"Dallas/Fort Worth, TX",1129806,"Dallas/Fort Worth, TX",TX,TX
1529502,"Toledo, OH",OH,OH,-0.15275400484173188,1.3352622686516347,-0.14746625234205302,-0.8838336741157302,0.21208022969049714,-0.4738038783485093,-0.17599470507205367,4,-0.3869500116870719,3,1393007,"Chicago, IL",1393007,"Chicago, IL",IL,IL
1291503,"Lake Charles, LA",LA,LA,-0.8767661373792559,-0.7775457160508078,-0.14746625234205302,-0.3299664769937897,0.7121126622145996,-1.1724595725466453,-0.931002657767675,1,-0.3869500116870719,1,1226603,"Houston, TX",1226603,"Houston, TX",TX,TX
1013603,"Abilene, TX",TX,TX,-0.15275400484173188,-0.3217254353013241,-0.14746625234205302,-0.9569484418174319,1.4621613110007532,-1.3672962049371404,-0.5585105989239412,1,-0.3869500116870719,1,1129806,"Dallas/Fort Worth, TX",1129806,"Dallas/Fort Worth, TX",TX,TX
1182304,"Fort Wayne, IN",IN,IN,0.32992075018328415,0.21679133133448225,-0.14746625234205302,1.1087065218789547,-0.2879522028336053,0.6751143924347646,0.7109188345881297,4,-0.28245003793784923,4,1393007,"Chicago, IL",1393007,"Chicago, IL",IL,IL
1127402,"Dubuque, IA",IA,IA,-0.3940913823542399,-0.1459231038696941,-0.14746625234205302,-0.6164339092278935,0.9621288784766507,0.08577783226969941,0.5663133661652736,1,-0.4090274709298654,1,1393007,"Chicago, IL",1393007,"Chicago, IL",IL,IL
1504803,"Sioux City, IA",IA,IA,0.32992075018328415,-1.0573645700214447,-0.14746625234205302,-0.8024441998182937,-0.41296031096463087,0.6575704465349156,-0.8652807712209998,5,-0.39982852957870146,5,1393007,"Chicago, IL",1393007,"Chicago, IL",IL,IL
1299206,"Little Rock, AR",AR,AR,0.08858337267077615,-0.6864051553614926,-0.14746625234205302,-0.3415535170815286,-0.037935986571554066,-0.3545270343274855,-0.5355403727127871,5,-0.1569764779079726,5,1129806,"Dallas/Fort Worth, TX",1129806,"Dallas/Fort Worth, TX",TX,TX
1478302,"Springfield, MO",MO,MO,0.32992075018328415,-0.3255575330506261,-0.14746625234205302,-0.2335232319139497,0.9621288784766507,-0.18204521668864065,-0.17339239807385068,5,-0.26184440931124187,5,1129806,"Dallas/Fort Worth, TX",1129806,"Dallas/Fort Worth, TX",TX,TX
1524906,"Tallahassee, FL",FL,FL,0.08858337267077615,-0.9595945635000502,-0.14746625234205302,-0.7753016107454127,0.21208022969049714,-0.5546302258982363,-0.5713686689409647,3,-0.30452749718064276,3,1039707,"Atlanta, GA",1039707,"Atlanta, GA",GA,GA
1106702,"Champaign/Urbana, IL",IL,IL,0.32992075018328415,0.45460474392120154,-0.14746625234205302,-0.19084235332610128,1.0871369866076763,0.05813284966375616,1.8250096608720456,7,-0.37775107033590793,7,1393007,"Chicago, IL",1393007,"Chicago, IL",IL,IL
1541106,"Tyler, TX",TX,TX,-0.15275400484173188,-1.0415753902399445,-0.14746625234205302,-0.9762418402527148,1.4621613110007532,-1.9521288743403897,-0.862490139374243,1,-0.40166831784893425,1,1129806,"Dallas/Fort Worth, TX",1129806,"Dallas/Fort Worth, TX",TX,TX
1484202,"San Angelo, TX",TX,TX,-0.8767661373792559,-1.0248200426788756,-0.14746625234205302,-0.8613838914142162,0.9621288784766507,-1.2970095745009553,-1.2611518317680817,1,-0.3943091647680031,1,1129806,"Dallas/Fort Worth, TX",1129806,"Dallas/Fort Worth, TX",TX,TX
1198202,"Killeen, TX",TX,TX,-0.3940913823542399,-0.3607083183673877,-0.14746625234205302,-0.989089673817552,0.9621288784766507,-1.264379905996003,-0.9607203803800847,4,-0.36487255244427835,4,1129806,"Dallas/Fort Worth, TX",1129806,"Dallas/Fort Worth, TX",TX,TX
1288403,"Lansing, MI",MI,MI,0.08858337267077615,1.2069842726003237,-0.14746625234205302,1.3583587384371791,-0.5379684190956565,1.2402378880392135,0.29362876856788805,1,-0.36487255244427835,1,1143302,"Detroit, MI",1143302,"Detroit, MI",MI,MI
1072804,"Beaumont/Port Arthur, TX",TX,TX,-0.15275400484173188,-1.0171178167070027,-0.14746625234205302,-0.8856288255667544,1.4621613110007532,-0.7308345517389992,-0.6040983017115701,1,-0.4090274709298654,1,1129806,"Dallas/Fort Worth, TX",1129806,"Dallas/Fort Worth, TX",TX,TX
1027903,"Amarillo, TX",TX,TX,-0.15275400484173188,-0.7829430212272426,-0.14746625234205302,-0.6147455605791556,0.46209644595254834,-1.5162198872141246,-0.3766391272050618,1,-0.32623699876938966,3,1129806,"Dallas/Fort Worth, TX",1129806,"Dallas/Fort Worth, TX",TX,TX
1068502,"Bloomington/Normal, IL",IL,IL,0.08858337267077615,1.9192092969646104,-0.14746625234205302,-0.49755207943667984,0.46209644595254834,0.3913639274212979,-0.1521474874724944,4,-0.36487255244427835,4,1039707,"Atlanta, GA",1039707,"Atlanta, GA",GA,GA
1457405,"Roanoke, VA",VA,VA,0.32992075018328415,-0.2957751612301449,-0.14746625234205302,-0.6952500494938592,-0.037935986571554066,-0.6345924024344535,-0.7432786818428817,1,-0.37223170552520957,1,1039707,"Atlanta, GA",1039707,"Atlanta, GA",GA,GA
1419306,"Pensacola, FL",FL,FL,-0.15275400484173188,-0.31748307120386343,-0.14746625234205302,-0.6558439832877184,0.46209644595254834,-0.323054777548729,-0.4544349527627822,3,-0.20002752343142,3,1039707,"Atlanta, GA",1039707,"Atlanta, GA",TX,TX
1289102,"Lawton/Fort Sill, OK",OK,OK,-0.635428759866748,-0.847665188301763,-0.14746625234205302,0.9276328253594696,1.7121775272628044,-1.084597631674899,0.8090120286316749,1,-0.40166831784893425,1,1129806,"Dallas/Fort Worth, TX",1129806,"Dallas/Fort Worth, TX",TX,TX
1329002,"Manhattan/Ft. Riley, KS",KS,KS,0.32992075018328415,0.46531861887125325,-0.14746625234205302,0.9495399343811622,0.7121126622145996,0.6669664417261739,1.457083051650066,1,-0.3943091647680031,1,1129806,"Dallas/Fort Worth, TX",1129806,"Dallas/Fort Worth, TX",TX,TX
1307605,"La Crosse, WI",WI,WI,-0.3940913823542399,-0.46042780432317065,-0.14746625234205302,-0.5679562846688736,-0.7879846353577077,1.2876806212569274,-0.4910751094101991,5,-0.3924693764977703,5,1393007,"Chicago, IL",1393007,"Chicago, IL",IL,IL
1177502,"Sioux Falls, SD",SD,SD,0.32992075018328415,0.8560013858395977,-0.14746625234205302,0.6380425389759504,-0.5379684190956565,0.852398112965568,0.29362876856788805,1,-0.27656271547310424,1,1348702,"Minneapolis, MN",1348702,"Minneapolis, MN",MN,MN
1015502,"Waco, TX",TX,TX,-0.7560974486230019,-1.2154396735683035,-0.14746625234205302,-1.2127052743208142,0.7121126622145996,-1.4987687332684663,-1.7021063297897878,1,-0.40166831784893425,1,1129806,"Dallas/Fort Worth, TX",1129806,"Dallas/Fort Worth, TX",TX,TX
1306106,"Laredo, TX",TX,TX,-0.8767661373792559,-0.38169590483746935,-0.14746625234205302,-0.604651004984984,0.46209644595254834,-1.0158004903622992,-0.7295333341099105,4,-0.375175366757582,4,1129806,"Dallas/Fort Worth, TX",1129806,"Dallas/Fort Worth, TX",TX,TX
1219102,"Houston, TX",TX,TX,1.0539328827208083,-0.7830091277191725,-0.14746625234205302,-0.6122167548583308,-0.7879846353577077,0.008179750766040692,-0.6329738654615976,3,0.8273102466665726,3,1125904,"Dallas, TX",1125904,"Dallas, TX",TX,TX
1190502,"Longview, TX",TX,TX,-0.15275400484173188,-1.3163435411337263,-0.14746625234205302,-1.249276494884786,1.7121775272628044,-1.647657644731559,-1.439536046669731,1,-0.4163866240107966,1,1129806,"Dallas/Fort Worth, TX",1129806,"Dallas/Fort Worth, TX",TX,TX
1463303,"Rochester, MN",MN,MN,0.5712581276957922,0.6034148754425767,-0.14746625234205302,-0.04834601162536818,0.21208022969049714,1.807279131216678,1.132142291315076,1,-0.3538338228228816,1,1393007,"Chicago, IL",1393007,"Chicago, IL",IL,IL
1336705,"Moline, IL",IL,IL,0.5712581276957922,0.7582271071976553,-0.14746625234205302,1.2128773391514114,0.46209644595254834,0.9172160533080101,0.46216784210420914,4,-0.3207176339586913,4,1393007,"Chicago, IL",1393007,"Chicago, IL",IL,IL
1162402,"Key West, FL",FL,FL,0.5712581276957922,-0.29366480958436014,-0.14746625234205302,-0.054856204643845635,0.21208022969049714,0.2854520073610548,-0.6656275550626891,6,-0.2949605981754322,6,1039707,"Atlanta, GA",1039707,"Atlanta, GA",GA,GA
1164102,"Fayetteville, NC",NC,NC,0.32992075018328415,0.8514399223565663,-0.14746625234205302,-0.8187870187561803,0.46209644595254834,-0.9530182025873727,-0.5047720802532855,3,-0.3575133993633472,5,1039707,"Atlanta, GA",1039707,"Atlanta, GA",GA,GA
1104902,"College Station/Bryan, TX",TX,TX,-0.8767661373792559,-0.5696667042291499,-0.14746625234205302,-1.0376962845402276,0.46209644595254834,-1.2559158278553875,-1.043060435340864,1,-0.3869500116870719,3,1129806,"Dallas/Fort Worth, TX",1129806,"Dallas/Fort Worth, TX",TX,TX
1192102,"Grand Junction, CO",CO,CO,-0.635428759866748,0.28034444477206216,-0.14746625234205302,-0.779888321438667,0.21208022969049714,-0.8594573463486377,-0.9108084999718,5,-0.3519940345526488,5,1486903,"Salt Lake City, UT",1486903,"Salt Lake City, UT",UT,UT
1540103,"Texarkana, AR",AR,AR,-0.15275400484173188,-1.0444544403313911,-0.14746625234205302,-0.9936563930015508,0.7121126622145996,-1.0657663428993898,-1.0645703765531886,5,-0.4071876826596326,5,1129806,"Dallas/Fort Worth, TX",1129806,"Dallas/Fort Worth, TX",TX,TX
1495203,"Springfield, IL",IL,IL,0.5712581276957922,0.2698774426855318,-0.14746625234205302,0.2046494365002862,0.7121126622145996,-0.5558912048674994,0.9773512109212142,6,-0.3943091647680031,6,1393007,"Chicago, IL",1393007,"Chicago, IL",IL,IL
1337702,"Monroe, LA",LA,LA,-0.15275400484173188,-0.41925833694348097,-0.14746625234205302,-0.6806875204513295,0.08707212155947153,-1.455895366762249,-0.5955601366409774,1,-0.37223170552520957,3,1039707,"Atlanta, GA",1039707,"Atlanta, GA",TX,TX
1348602,"Missoula, MT",MT,MT,0.08858337267077615,-0.9031061640783967,-0.14746625234205302,-0.43021612839922446,-2.288081932930015,1.1099033795944016,-0.4030889532807771,4,-0.3766471973737683,4,1129202,"Denver, CO",1129202,"Denver, CO",CO,CO
1141501,"Del Rio, TX",TX,TX,-0.15275400484173188,0.45740374263751266,-0.14746625234205302,-1.1216530579564556,0.21208022969049714,-1.381060519211864,-1.7091394623733607,1,-0.4163866240107966,1,1129806,"Dallas/Fort Worth, TX",1129806,"Dallas/Fort Worth, TX",TX,TX
1080003,"Burbank, CA",CA,CA,0.5712581276957922,-0.1525241349405278,-0.14746625234205302,-0.7564667483845415,0.21208022969049714,-0.5782564116422139,-0.7184026613483987,1,0.17786498727439604,3,1483106,"San Jose, CA",1483106,"San Jose, CA",CA,CA
1125904,"Dallas, TX",TX,TX,0.8125955052083003,-1.0069785572422225,-0.14746625234205302,-0.7891605641204084,-0.7879846353577077,-0.6506306204396229,-0.9000193262789042,1,1.1143172168228885,1,1219102,"Houston, TX",1219102,"Houston, TX",TX,TX
1148102,"Panama City, FL",FL,FL,-0.15275400484173188,-0.6468000329222914,-0.14746625234205302,0.46764975899465533,-0.2879522028336053,-0.5520988133739925,-0.17117452279129133,3,-0.3192458033425051,3,1039707,"Atlanta, GA",1039707,"Atlanta, GA",TX,TX
1239103,"Islip, NY",NY,NY,1.0539328827208083,-0.7605622229803624,-0.14746625234205302,-0.3427140055718046,-0.5379684190956565,-0.46796481260796013,0.4789294607835652,6,-0.3151982691479929,6,1082106,"Baltimore, MD",1082106,"Baltimore, MD",FL,FL
1289607,"Lubbock, TX",TX,TX,-0.15275400484173188,-1.0369646873216227,-0.14746625234205302,-0.30483521594180685,-0.037935986571554066,-1.2817410832152187,-0.7369635767506069,3,-0.2956965134835253,3,1129806,"Dallas/Fort Worth, TX",1129806,"Dallas/Fort Worth, TX",TX,TX
1295407,"Long Beach, CA",CA,CA,0.08858337267077615,-0.6381087394042194,-0.14746625234205302,-0.5082049258217866,0.21208022969049714,-0.18960403529017936,-0.23792015462389657,7,-0.13673880693541185,5,1288903,"Las Vegas, NV",1489302,"Sacramento, CA",CA,CA
1315805,"Midland/Odessa, TX",TX,TX,-0.15275400484173188,0.1971189921945882,-0.14746625234205302,-0.8502523458785513,0.46209644595254834,-1.38615959627294,-0.4564744934313921,5,-0.24344652660891392,5,1129806,"Dallas/Fort Worth, TX",1129806,"Dallas/Fort Worth, TX",TX,TX
1323202,"Chicago, IL",IL,IL,2.0192823927708403,-0.680547208809081,-0.14746625234205302,-0.6551578403908939,-0.2879522028336053,0.09715148635139939,-0.5657704100381107,3,1.1805495945512692,3,1348702,"Minneapolis, MN",1348702,"Minneapolis, MN",FL,FL
1062003,"Billings, MT",MT,MT,-0.3940913823542399,-0.86681349227018345,-0.14746625234205302,-0.5268286698071925,-0.7879846353577077,0.3276303586644188,-0.20454501550425816,4,-0.3634007218280922,5,1129202,"Denver, CO",1129202,"Denver, CO",CO,CO
1201602,"Guam, TT",NA,NA,-0.15275400484173188,-1.1839862439427877,-0.14746625234205302,-0.9142517627152381,0.46209644595254834,-1.1123542811875284,-0.4104863895474264,2,-0.4090274709298654,2,1495503,"Saipan, TT",1495503,"Saipan, TT",NA,NA
1495503,"Saipan, TT",NA,NA,1.0539328827208083,-0.9797129786641372,1.8632649578071945,-0.9900083122423066,1.212145094738702,-2.783745991095467,-0.0389134236240453,2,-0.4163866240107966,2,1201602,"Guam, TT",1201602,"Guam, TT",NA,NA
1133703,"Duluth, MN",MN,MN,0.08858337267077615,1.9314670463393055,-0.14746625234205302,0.27634041605852133,-2.0380657166679637,0.6252631960273448,0.8283044501313892,5,-0.3851102234168391,5,1348702,"Minneapolis, MN",1348702,"Minneapolis, MN",MN,MN
1326403,"Medford, OR",OR,OR,0.32992075018328415,2.032969481162447,-0.14746625234205302,1.7279087432164664,-0.7879846353577077,0.4308421273916312,1.1644777828509554,4,-0.33543594012055367,4,1477104,"San Francisco, CA",1477104,"San Francisco, CA",CA,CA
1073203,"Aguadilla, PR",NA,NA,1.0539328827208083,-0.07076653655556658,-0.14746625234205302,0.2514125156093089,-0.5379684190956565,-0.8885733691372752,0.39904807176275364,5,-0.37223170552520957,5,1320402,"Orlando, FL",1320402,"Orlando, FL",FL,FL
1029906,"Anchorage, AK",AK,AK,-0.635428759866748,-1.0244035518061143,-0.14746625234205302,-0.7105227990662272,-0.037935986571554066,0.17228413005385987,-1.1272645962077301,5,-0.09994304153075595,5,1474703,"Seattle, WA",1474703,"Seattle, WA",AK,AK
1160302,"Eugene, OR",OR,OR,-0.15275400484173188,0.6454413032462142,-0.14746625234205302,0.3262291694764576,-1.2880170678818101,0.018059931092785426,0.5920210049960037,5,-0.3464746697419504,5,1477104,"San Francisco, CA",1477104,"San Francisco, CA",CA,CA
1240203,"Hilo, HI",HI,HI,-0.15275400484173188,-1.3776271670088789,-0.14746625234205302,-1.2767907581186024,1.212145094738702,-2.198854824925071,-1.7130793870287375,5,-0.2931208099051994,5,1217305,"Honolulu, HI",1217305,"Honolulu, HI",HI,HI
1164802,"Kalispell, MT",MT,MT,-0.3940913823542399,-0.17440185661210314,-0.14746625234205302,-0.4848559590454279,-1.5380332841438613,1.0295583875716359,-0.5479903598191039,2,-0.381062689222327,2,1486903,"Salt Lake City, UT",1486903,"Salt Lake City, UT",UT,UT
1043405,"Scranton/Wilkes-Barre, PA",PA,PA,0.08858337267077615,-0.027816975304623758,-0.14746625234205302,-0.829763788827947,0.21208022969049714,-0.31466169483496825,-0.7495963964827151,2,-0.37075987490902335,3,1105703,"Charlotte, NC",1105703,"Charlotte, NC",NC,NC
1295106,"Lafayette, LA",LA,LA,-0.3940913823542399,-0.5417018003286239,-0.14746625234205302,-0.4478457749490375,0.7121126622145996,-1.131395662221736,-0.4730208889166703,1,-0.3225574222289241,1,1226603,"Houston, TX",1226603,"Houston, TX",TX,TX
1186703,"Garden City, KS",KS,KS,-0.15275400484173188,-0.3690569265290977,-0.14746625234205302,3.256278069515283,0.9621288784766507,-1.9724146126050268,-0.8817358762484283,1,-0.4163866240107966,1,1129806,"Dallas/Fort Worth, TX",1129806,"Dallas/Fort Worth, TX",TX,TX
1345903,"Marquette, MI",MI,MI,-0.15275400484173188,1.3644911035759215,-0.14746625234205302,2.953400277624647,0.46209644595254834,2.12393232285711,1.094123325908697,1,-0.4090274709298654,1,1393007,"Chicago, IL",1393007,"Chicago, IL",IL,IL
1026802,"Waterloo, IA",IA,IA,0.32992075018328415,-0.4041856111317668,-0.14746625234205302,-0.6528142053177236,0.9621288784766507,0.7688280352232487,2.082517086139388,1,-0.4163866240107966,1,1393007,"Chicago, IL",1393007,"Chicago, IL",IL,IL
1411206,"St. Petersburg, FL",FL,FL,-0.8767661373792559,-1.047282153006374,0.004637031082520956,-0.017317230537707166,0.7121126622145996,0.8480866333092089,-0.39395232008480574,1,-0.2563250445005435,1,1198603,"Grand Rapids, MI",1198603,"Grand Rapids, MI",NY,NY
1408202,"Punta Gorda, FL",FL,FL,0.08858337267077615,-0.47477273866274927,-0.14746625234205302,1.576940453370361,1.212145094738702,1.0454071299002372,1.1572379454400508,1,-0.3059993277968289,1,1119302,"Cincinnati, OH",1119302,"Cincinnati, OH",KY,OH
1226505,"Niagara Falls, NY",NY,NY,2.7432945253083645,1.678153873460112,1.684533294682817,-0.785460081506416,-0.5379684190956565,-0.5920762981127898,-0.21134270846430714,6,-0.4071876826596326,6,1169706,"Fort Lauderdale, FL",1169706,"Fort Lauderdale, FL",FL,FL
1451202,"Rockford, IL",IL,IL,1.6572763265020782,4.729510495870526,-0.14746625234205302,-0.06023940335714278,0.587104554083574,-0.22071843296402066,-0.32180521906509946,4,-0.4075556403136792,4,1408202,"Punta Gorda, FL",1476106,"Sanford, FL",FL,FL
1476106,"Sanford, FL",FL,FL,0.32992075018328415,-0.6556203390961175,-0.14746625234205302,0.4240514267996815,0.7121126622145996,1.0853048002349643,1.262342115042222,1,-0.20849054947449083,1,1043105,"Asheville, NC",1043105,"Asheville, NC",NY,NY
1046602,"Phoenix, AZ",AZ,AZ,0.8125955052083003,-0.6751846012127154,-0.14746625234205302,0.5972442354512789,0.7121126622145996,1.503283862567845,1.50522515538518,5,-0.2839218685540354,5,1177502,"Sioux Falls, SD",1177502,"Sioux Falls, SD",ND,ND
1398305,"Owensboro, KY",KY,KY,2.7432945253083645,0.27285813253493213,-0.14746625234205302,-0.4195472267915223,2.462226176048958,-0.026279961709232153,1.556057461148376,1,-0.4237457770917278,1,1476106,"Sanford, FL",1476106,"Sanford, FL",FL,FL
1291703,"Columbus, OH",OH,OH,4.191318790383413,-0.141079012192508,-0.14746625234205302,-0.1505379551666103,1.212145094738702,-0.5622218035185915,0.4684265875405708,3,-0.4090274709298654,3,1408202,"Punta Gorda, FL",1408202,"Punta Gorda, FL",FL,FL
1066602,"Bellingham, WA",WA,WA,-0.3940913823542399,-0.3421502978630995,-0.14746625234205302,0.14616053616600888,0.46209644595254834,0.18046400235743704,0.08481623887619676,4,-0.36487255244427835,7,1288903,"Las Vegas, NV",1288903,"Las Vegas, NV",CA,CA
1469608,"South Bend, IN",IN,IN,0.8125955052083003,0.5208064338572965,-0.14746625234205302,0.8580827930042265,-0.2879522028336053,0.5494306750630453,1.423247043778637,1,-0.2820820802838026,1,1393007,"Chicago, IL",1393007,"Chicago, IL",IL,IL
1254403,"CONCORD, NC",NC,NC,-0.635428759866748,-0.7029219996035594,-0.14746625234205302,-0.5253806971487208,0.21208022969049714,-0.7335266601935229,-0.017655018643739112,1,-0.3943091647680031,1,1411206,"St. Petersburg, FL",1411206,"St. Petersburg, FL",FL,FL
1067602,"Belleville, IL",IL,IL,1.0539328827208083,2.21670733608316,-0.14746625234205302,-1.005247877944972,1.9621937435248555,-0.1834409363876671,-0.3043637700228694,4,-0.40166831784893425,4,1476106,"Sanford, FL",1562404,"Valparaiso, FL",FL,FL
1425902,"Portsmouth, NH",NH,NH,0.8125955052083003,-0.45245138450975353,-0.14746625234205302,-0.9082762184479813,-0.6629765272266821,-0.09123618450677556,-0.4874989849662888,4,-0.4163866240107966,4,1320402,"Orlando, FL",1320402,"Orlando, FL",FL,FL
1347605,"Monterey, CA",CA,CA,-0.8767661373792559,-0.4929871896529028,-0.14746625234205302,-0.37888898241224717,-0.037935986571554066,0.22457115005481182,0.4299710673665811,5,-0.33543594012055367,1,1289208,"Los Angeles, CA",1289208,"Los Angeles, CA",CA,CA
1500803,"St. Cloud, MN",MN,MN,1.2952702602333162,1.6166493373381594,-0.14746625234205302,-1.1254465649439338,1.5871694191317787,0.4013030220688387,-1.9787428780769902,3,-0.4163866240107966,3,1046602,"Phoenix, AZ",1046602,"Phoenix, AZ",AZ,AZ
1471602,"Stockton, CA",CA,CA,2.2606197702833484,-0.8966689661537915,-0.14746625234205302,-0.7526036117020316,0.9621288784766507,-1.216668103118534,1.0802189539449616,1,-0.4090274709298654,1,1288903,"Las Vegas, NV",1288903,"Las Vegas, NV",NV,NV
1402501,"Plattsburgh, NY",NY,NY,0.08858337267077615,0.3680522591120329,-0.14746625234205302,2.1902003120645026,0.21208022969049714,0.8649382240183161,-0.5059094033997541,6,-0.39982852957870146,6,1226402,"Washington, DC",1226402,"Washington, DC",FL,FL
1445702,"Rapid City, SD",SD,SD,0.20925206142703015,2.13761304837221,-0.14746625234205302,0.2301976158195762,-0.037935986571554066,1.797800966609124,0.5888581557304117,3,-0.3619288912119059,3,1348702,"Minneapolis, MN",1348702,"Minneapolis, MN",MN,MN
1189802,"Grand Forks, ND",ND,ND,-0.3940913823542399,1.0839465898551714,-0.14746625234205302,-0.6883003834784757,-2.288081932930015,0.5462457539358287,-0.2672730935786324,4,-0.38547818107088566,4,1348702,"Minneapolis, MN",1348702,"Minneapolis, MN",MN,MN
1532305,"Bristol/Johnson City/Kingsport, TN",TN,TN,0.32992075018328415,-0.024611313435684123,-0.14746625234205302,-0.8311376456142134,-0.2879522028336053,-1.006266901960433,-0.8817358762484283,4,-0.381062689222327,4,1039707,"Atlanta, GA",1039707,"Atlanta, GA",GA,GA
1490505,"Santa Maria, CA",CA,CA,2.0192823927708403,-0.4122721775344046,-0.14746625234205302,-0.7919598140415985,1.7121775272628044,-1.14620876824598,-1.043060435340864,1,-0.4237457770917278,1,1288903,"Las Vegas, NV",1288903,"Las Vegas, NV",NV,NV
1431402,"Provo, UT",UT,UT,2.2606197702833484,-0.3848847399202237,-0.14746625234205302,-0.23037172354332303,1.7121775272628044,-0.9945579919201922,-0.2497644512819741,1,-0.4090274709298654,1,1046602,"Phoenix, AZ",1046602,"Phoenix, AZ",AZ,AZ
1507002,"Newburgh/Poughkeepsie, NY",NY,NY,0.8125955052083003,1.7101609995830063,-0.14746625234205302,0.83418634205954,-0.41296031096463087,-0.14151989570281778,1.5865298778658363,5,-0.3979887413084687,5,1143302,"Detroit, MI",1143302,"Detroit, MI",FL,FL
1383205,"Ogdensburg, NY",NY,NY,5.639343055458461,0.8656021182877389,-0.14746625234205302,1.3737263302187248,2.337218067917932,1.6588375596724774,4.38389773252867,4,-0.4200662005512622,4,1411206,"St. Petersburg, FL",1411206,"St. Petersburg, FL",FL,FL
1200305,"Great Falls, MT",MT,MT,0.08858337267077615,0.742229419817719,-0.14746625234205302,-0.3376011615452241,-1.5380332841438613,0.9296023833506609,-0.5585105989239412,5,-0.39982852957870146,5,1486903,"Salt Lake City, UT",1486903,"Salt Lake City, UT",UT,UT
1425202,"Pasco/Kennewick/Richland, WA",WA,WA,-0.3940913823542399,1.5418208400577298,-0.14746625234205302,-0.006534419224435811,-2.288081932930015,1.5616929283544623,0.1265426180792942,7,-0.38878979995730467,4,1486903,"Salt Lake City, UT",1486903,"Salt Lake City, UT",UT,UT
1479405,"St. George, UT",UT,UT,-0.3940913823542399,-0.9447793412829055,-0.14746625234205302,-0.8566963339384112,0.9621288784766507,-0.4508516384814466,-1.0211548263135966,1,-0.3427950932014848,1,1486903,"Salt Lake City, UT",1486903,"Salt Lake City, UT",UT,UT
1102705,"Clarksburg/Fairmont, WV",WV,WV,0.08858337267077615,0.5684824326802185,-0.14746625234205302,0.5785768098757492,0.08707212155947153,0.6787126217075176,1.9979075035515468,1,-0.4090274709298654,1,1393007,"Chicago, IL",1393007,"Chicago, IL",IL,IL
1382902,"Ogden, UT",UT,UT,5.639343055458461,-0.474847348366033,-0.14746625234205302,-0.2624557989717321,2.8372505004420345,-0.9789832479350672,3.9862326943658153,1,-0.4237457770917278,1,1046602,"Phoenix, AZ",1046602,"Phoenix, AZ",AZ,AZ
1222305,"Ashland, WV",WV,WV,2.8639632140646185,-0.7299617645375184,-0.14746625234205302,-0.5842382073465452,-0.2879522028336053,-2.0161200475493626,1.2025774272258398,1,-0.4163866240107966,1,1476106,"Sanford, FL",1476106,"Sanford, FL",FL,FL
1211902,"Hagerstown, MD",MD,MD,6.363355187995985,-0.28807428205936914,-0.14746625234205302,0.22602632232179692,0.7121126622145996,-1.1925939643903776,2.793237579877254,1,-0.4237457770917278,1,1476106,"Sanford, FL",1476106,"Sanford, FL",FL,FL
1228002,"Idaho Falls, ID",ID,ID,-0.15275400484173188,-0.22855830572019095,-0.14746625234205302,-0.7739864537840968,-0.41296031096463087,0.5133850853457314,-1.1478010072889377,1,-0.3943091647680031,1,1486903,"Salt Lake City, UT",1486903,"Salt Lake City, UT",UT,UT
1336003,"Melbourne, FL",FL,FL,-0.15275400484173188,-0.9299430223633571,-0.14746625234205302,-0.6548503005363707,0.21208022969049714,-1.3225825203596524,-1.2212856625286976,1,-0.3795908586061407,1,1039707,"Atlanta, GA",1039707,"Atlanta, GA",GA,GA
1161708,"New Bern/Morehead/Beaufort, NC",NC,NC,-0.8767661373792559,-0.8467856472063958,-0.14746625234205302,-0.8520593283967297,-0.037935986571554066,-1.3062656110169004,-0.7346511385730903,1,-0.3814306468763735,1,1105703,"Charlotte, NC",1105703,"Charlotte, NC",NC,NC
1342202,"Mobile, AL",AL,AL,-0.15275400484173188,-0.4559835555573636,-0.14746625234205302,-0.6907726206965089,0.7121126622145996,-0.8659865405600742,-0.30240313874880115,5,-0.3170380574182257,5,1039707,"Atlanta, GA",1039707,"Atlanta, GA",TX,TX
1125203,"Daytona Beach, FL",FL,FL,0.32992075018328415,-1.1021297627666466,-0.14746625234205302,-1.055948677849507,0.46209644595254834,-0.4590029292987825,-1.3005544409000303,3,-0.3634007218280922,3,1105703,"Charlotte, NC",1105703,"Charlotte, NC",NC,NC
1224403,"New Haven, CT",CT,CT,-0.635428759866748,0.09843045576029276,-0.14746625234205302,0.41013378525026717,-0.7879846353577077,-0.7592115550073485,0.7986002456000832,6,-0.4090274709298654,6,1410005,"Philadelphia, PA",1410005,"Philadelphia, PA",PA,PA
1313902,"Lynchburg, VA",VA,VA,-0.3940913823542399,-1.4112252027345313,-0.14746625234205302,-0.9842911977526553,0.21208022969049714,-1.2549041902645954,-1.3018662173742606,1,-0.4163866240107966,1,1105703,"Charlotte, NC",1105703,"Charlotte, NC",NC,NC
1036105,"Watertown, NY",NY,NY,3.2259692803333806,0.5819124388106499,-0.14746625234205302,-0.41750214560369037,0.21208022969049714,-1.2593864222150413,-0.12913804941255436,1,-0.4163866240107966,1,1410005,"Philadelphia, PA",1410005,"Philadelphia, PA",PA,PA
1425404,"Ponce, PR",NA,NA,0.4505894389395382,-0.5195099186425234,-0.14746625234205302,-0.08112030146128314,-0.7879846353577077,-0.6284785127750937,1.0999541915709095,2,-0.41344296277842413,2,1320402,"Orlando, FL",1320402,"Orlando, FL",FL,FL
1393305,"Worcester, MA",MA,MA,-0.3940913823542399,0.8096847841343495,-0.14746625234205302,0.7675355457413918,-0.2879522028336053,-0.157912845153455,0.9133664903801283,1,-0.4090274709298654,1,1247805,"New York, NY",1320402,"Orlando, FL",FL,FL
1469802,"San Luis Obispo, CA",CA,CA,-0.3940913823542399,0.6805308333921626,-0.14746625234205302,0.005272749634205437,0.21208022969049714,-0.05460865219882526,0.6792793091211966,1,-0.32807678703962245,1,1477104,"San Francisco, CA",1477104,"San Francisco, CA",CA,CA
1238902,"Williston, ND",ND,ND,-0.635428759866748,0.2467461033930073,-0.14746625234205302,1.6634229359055575,-3.5381630142402707,1.722995461112151,-0.5104411987064531,5,-0.41454683574056383,5,1348702,"Minneapolis, MN",1348702,"Minneapolis, MN",MN,MN
1015706,"Arcata/Eureka, CA",CA,CA,0.32992075018328415,0.9501495268887346,-0.14746625234205302,2.7029147690100084,-1.1630089597507844,0.8470282190234001,1.9979075035515468,5,-0.39982852957870146,5,1477104,"San Francisco, CA",1477104,"San Francisco, CA",CA,CA
1448902,"Bend/Redmond, OR",OR,OR,-0.3940913823542399,2.5872668926951805,-0.14746625234205302,2.7534738231324214,-0.7879846353577077,0.43740125174325506,0.9014648057362714,5,-0.36303276417404556,5,1477104,"San Francisco, CA",1477104,"San Francisco, CA",CA,CA
1468902,"Santa Barbara, CA",CA,CA,-0.635428759866748,-0.0632278000452712,-0.14746625234205302,0.20551725120945025,0.21208022969049714,-0.10855242410162587,0.1361797967966137,4,-0.2927528522511528,4,1477104,"San Francisco, CA",1477104,"San Francisco, CA",CA,CA
1502305,"Santa Rosa, CA",CA,CA,-0.635428759866748,-0.0920467492748637,-0.14746625234205302,-0.702819316340898,-1.2880170678818101,-0.3573517558162408,-0.37740715393127044,1,-0.3869500116870719,1,1289208,"Los Angeles, CA",1289208,"Los Angeles, CA",CA,CA
1504102,"Sun Valley/Hailey/Ketchum, ID",ID,ID,-0.3940913823542399,-0.4651064034159985,0.41334993552270294,-0.6884912511432261,-0.7879846353577077,0.3698136836757405,-0.9914365764312845,6,-0.37775107033590793,6,1486903,"Salt Lake City, UT",1486903,"Salt Lake City, UT",UT,UT
1338801,"Mammoth Lakes, CA",CA,CA,1.2952702602333162,2.567351506511891,-0.14746625234205302,0.2655066424997874,1.4621613110007532,0.9914148127887948,2.4751055493469716,1,-0.4090274709298654,1,1129202,"Denver, CO",1129202,"Denver, CO",CA,CA
1037205,"Aspen, CO",CO,CO,0.8125955052083003,1.3594925120078618,-0.047659981620359455,1.6950264601952751,-0.2879522028336053,2.3680962738176032,2.668784951796948,6,-0.20113139639355965,6,1129202,"Denver, CO",1129202,"Denver, CO",CA,CA
1141306,"Durango, CO",CO,CO,-0.15275400484173188,-0.517090481154039,-0.14746625234205302,-0.6209455061303252,0.7121126622145996,-0.9034450990537242,0.11068359362613966,7,-0.36855212898474393,5,1129202,"Denver, CO",1129202,"Denver, CO",CO,CO
1109702,"Cody, WY",WY,WY,-1.118103514891764,-0.6649512391502771,-0.14746625234205302,-0.4382795238411122,0.7121126622145996,-0.017824824062950172,0.4476878632556767,1,-0.4163866240107966,1,1129202,"Denver, CO",1129202,"Denver, CO",CO,CO
1312702,"Lewiston, ID",ID,ID,-0.9974348261355099,-1.2366770848147823,-0.14746625234205302,-1.0087040184391558,-1.2880170678818101,0.6841141848253293,-1.4737714010447953,5,-0.41454683574056383,5,1486903,"Salt Lake City, UT",1486903,"Salt Lake City, UT",UT,UT
1411302,"Pocatello, ID",ID,ID,-0.8767661373792559,-1.2353628629912057,-0.14746625234205302,-1.0142237845922537,-0.2879522028336053,-0.41643872578175684,-1.4656266998023404,1,-0.4090274709298654,1,1486903,"Salt Lake City, UT",1486903,"Salt Lake City, UT",UT,UT
1014106,"Aberdeen, SD",SD,SD,0.08858337267077615,0.14270797918186562,-0.14746625234205302,2.24000181310526,-2.0380657166679637,0.3378307968364947,-0.653192750867478,1,-0.4163866240107966,1,1348702,"Minneapolis, MN",1348702,"Minneapolis, MN",MN,MN
1033302,"Alpena, MI",MI,MI,0.8125955052083003,1.0598029447928468,-0.14746625234205302,0.12314468871634927,-1.1630089597507844,-0.708659484746697,-0.5955601366409774,1,-0.4163866240107966,2,1143302,"Detroit, MI",1143302,"Detroit, MI",MI,MI
1415002,"Pellston, MI",MI,MI,0.5712581276957922,1.4279258199608245,4.563389725721899,0.8255430701019982,-2.288081932930015,0.3221506649411105,0.15796478966371633,3,-0.4090274709298654,1,1143302,"Detroit, MI",1143302,"Detroit, MI",MI,MI
1063104,"Bemidji, MN",MN,MN,-0.8767661373792559,1.5450042272713642,-0.14746625234205302,2.5882150805446984,-2.0380657166679637,0.49913610043238715,0.1421373254582296,1,-0.4163866240107966,1,1348702,"Minneapolis, MN",1348702,"Minneapolis, MN",MN,MN
1073907,"Brainerd, MN",MN,MN,0.08858337267077615,0.6731154324229852,-0.14746625234205302,3.9323066288613684,-2.7881143654541174,-0.24257300994391998,0.8283044501313892,1,-0.4163866240107966,1,1348702,"Minneapolis, MN",1348702,"Minneapolis, MN",MN,MN
1077902,"Butte, MT",MT,MT,-0.9974348261355099,0.2582363130172487,-0.14746625234205302,2.183040633105792,-2.288081932930015,3.210987796704139,-1.1559876267055686,1,-0.4163866240107966,1,1486903,"Salt Lake City, UT",1486903,"Salt Lake City, UT",UT,UT
1091802,"Cedar City, UT",UT,UT,-1.359440892404272,-0.9764582486311476,-0.14746625234205302,-0.8069127762122692,1.7121775272628044,-0.13592356679889933,-0.21134270846430714,1,-0.4163866240107966,1,1486903,"Salt Lake City, UT",1486903,"Salt Lake City, UT",UT,UT
1101303,"Sault Ste. Marie, MI",MI,MI,-0.3940913823542399,3.009680833495947,-0.14746625234205302,2.0384993580550845,-2.7881143654541174,1.5598368905975,0.3777906814065873,1,-0.4163866240107966,1,1348702,"Minneapolis, MN",1348702,"Minneapolis, MN",MN,MN
1112205,"Casper, WY",WY,WY,-0.8767661373792559,-1.0125655334564052,-0.14746625234205302,-1.1317849722143265,-1.5380332841438613,0.6670028192719235,-1.7448222673929588,7,-0.40534789438939983,6,1486903,"Salt Lake City, UT",1486903,"Salt Lake City, UT",UT,UT
1152505,"Elko, NV",NV,NV,-1.359440892404272,0.580038236659686,-0.14746625234205302,3.515047015479539,-0.41296031096463087,-0.3044727707857134,-1.389609488206096,1,-0.4163866240107966,1,1486903,"Salt Lake City, UT",1486903,"Salt Lake City, UT",UT,UT
1233502,"Iron Mountain/Kingsfd, MI",MI,MI,-0.635428759866748,5.090014723328258,-0.14746625234205302,1.4607535719295555,-1.7880495004059125,0.17575553344998548,0.5776752243984982,1,-0.4163866240107966,1,1348702,"Minneapolis, MN",1348702,"Minneapolis, MN",MN,MN
1538902,"Twin Falls, ID",ID,ID,-0.635428759866748,1.505259039920113,-0.14746625234205302,-1.1673467874628638,0.21208022969049714,-0.9154925115785171,-1.2557155359627108,7,-0.3869500116870719,1,1486903,"Salt Lake City, UT",1486903,"Salt Lake City, UT",UT,UT
1212903,"Hibbing, MN",MN,MN,-0.15275400484173188,-0.29183699819852876,-0.14746625234205302,2.287540760754347,-5.288276528074629,0.4370061219465432,-1.0610543284704046,1,-0.4163866240107966,1,1348702,"Minneapolis, MN",1348702,"Minneapolis, MN",MN,MN
1057705,"Binghamton, NY",NY,NY,-0.15275400484173188,1.867086288472522,-0.14746625234205302,1.7586863267170345,-2.288081932930015,0.971462623998633,-0.17799553545274693,5,-0.41454683574056383,5,1143302,"Detroit, MI",1143302,"Detroit, MI",MI,MI
1158702,"Escanaba, MI",MI,MI,-0.15275400484173188,2.737444344580231,-0.14746625234205302,-0.05578035811988214,-1.7880495004059125,1.7154726482500675,0.29362876856788805,1,-0.4163866240107966,1,1143302,"Detroit, MI",1143302,"Detroit, MI",MI,MI
1452002,"Rhinelander, WI",WI,WI,-0.3940913823542399,-0.19460034306157398,-0.14746625234205302,1.142646413656386,-1.6630413922748868,0.7739186306441935,0.1421373254582296,1,-0.4163866240107966,1,1348702,"Minneapolis, MN",1348702,"Minneapolis, MN",MN,MN
1239702,"Ithaca/Cortland, NY",NY,NY,-0.3940913823542399,2.7103584463743875,-0.14746625234205302,-0.27940032952862176,-1.5380332841438613,1.3593476068872354,1.7097444324190443,6,-0.4090274709298654,6,1143302,"Detroit, MI",1143302,"Detroit, MI",MI,MI
1234305,"International Falls, MN",MN,MN,-1.359440892404272,-0.8672236146462854,-0.14746625234205302,-0.612233648601199,-1.0380008516197587,-0.21862571638569508,-0.7782446496608281,1,-0.4163866240107966,1,1348702,"Minneapolis, MN",1348702,"Minneapolis, MN",MN,MN
1169502,"Flagstaff, AZ",AZ,AZ,-0.3940913823542399,-0.21922587621739067,-0.14746625234205302,1.464415426658333,0.587104554083574,-0.554942945916847,-0.4438953623607128,1,-0.40166831784893425,1,1410702,"Phoenix, AZ",1410702,"Phoenix, AZ",AZ,AZ
1621802,"Yuma, AZ",AZ,AZ,-0.15275400484173188,-0.8412088756803507,-0.14746625234205302,-0.536603234510599,0.7121126622145996,-1.5330143837766432,-0.7338784107845785,1,-0.40166831784893425,1,1410702,"Phoenix, AZ",1410702,"Phoenix, AZ",AZ,AZ
1074706,"Brownsville, TX",TX,TX,-0.635428759866748,-0.49326837583061395,-0.14746625234205302,0.5582576482303561,0.9621288784766507,-0.7775686165915994,-0.2497644512819741,7,-0.3795908586061407,7,1226603,"Houston, TX",1226603,"Houston, TX",TX,TX
1458804,"Roswell, NM",NM,NM,-0.635428759866748,0.12524638389819512,-0.14746625234205302,3.189446549731819,1.4621613110007532,-0.8938737330680685,0.6480353556592914,1,-0.40166831784893425,1,1129806,"Dallas/Fort Worth, TX",1129806,"Dallas/Fort Worth, TX",TX,TX
1056103,"Bakersfield, CA",CA,CA,-0.3940913823542399,0.6610307070186285,-0.14746625234205302,1.0787612286336805,-0.2879522028336053,-0.5978786875304168,0.1659674401046927,1,-0.3869500116870719,1,1410702,"Phoenix, AZ",1410702,"Phoenix, AZ",AZ,AZ
1467402,"Santa Fe, NM",NM,NM,-1.118103514891764,1.7494414999473749,-0.14746625234205302,1.6010974435430323,0.7121126622145996,-0.2855885048675609,-0.21134270846430714,3,-0.40166831784893425,3,1129806,"Dallas/Fort Worth, TX",1129806,"Dallas/Fort Worth, TX",TX,TX
1251103,"Joplin, MO",MO,MO,-0.8767661373792559,0.9472149740843616,-0.14746625234205302,4.346507089595429,1.0871369866076763,-1.1403358098654892,0.9374674017839368,1,-0.4163866240107966,1,1129806,"Dallas/Fort Worth, TX",1129806,"Dallas/Fort Worth, TX",TX,TX
1123302,"Cheyenne, WY",WY,WY,-1.118103514891764,1.8238829497229925,-0.14746625234205302,1.05109650006285,0.08707212155947153,-0.5449337979935396,0.6723573763420344,1,-0.4237457770917278,1,1129806,"Dallas/Fort Worth, TX",1129806,"Dallas/Fort Worth, TX",TX,TX
1324102,"Meridian, MS",MS,MS,0.8125955052083003,4.500839554870235,4.590463610653302,0.7323208454259643,0.9621288784766507,0.24738868722264418,2.3594211746086864,1,-0.4090274709298654,1,1129806,"Dallas/Fort Worth, TX",1410902,"Hattiesburg/Laurel, MS",TX,MS
1410902,"Hattiesburg/Laurel, MS",MS,MS,-0.3940913823542399,0.01852195927907535,1.2498215377616617,0.8204598970809641,0.9621288784766507,-1.367642608455177,3.0583476053191565,1,-0.4163866240107966,1,1324102,"Meridian, MS",1129806,"Dallas/Fort Worth, TX",MS,TX
1130802,"Dothan, AL",AL,AL,-0.15275400484173188,-0.40216000293600457,-0.14746625234205302,-0.6354913366101037,0.21208022969049714,-0.8462514611706594,-0.711845411363474,1,-0.40166831784893425,1,1039707,"Atlanta, GA",1039707,"Atlanta, GA",GA,GA
1560702,"Valdosta, GA",GA,GA,-0.15275400484173188,-0.7127920686526127,-0.14746625234205302,-1.096610528463699,-0.037935986571554066,-0.9145088018336224,-1.2389009466112162,1,-0.4090274709298654,1,1039707,"Atlanta, GA",1039707,"Atlanta, GA",GA,GA
1215605,"Helena, MT",MT,MT,-0.2734226935979859,-0.9228093386474514,-0.14746625234205302,-0.9229369641440112,-3.0381305817161683,0.9525343755990284,-1.1111100675398549,3,-0.40166831784893425,3,1486903,"Salt Lake City, UT",1486903,"Salt Lake City, UT",UT,UT
1073103,"Brunswick, GA",GA,GA,0.08858337267077615,-0.5416707845295473,-0.14746625234205302,1.4469926083964284,-0.16294409470257967,-1.169693121467599,-0.8425570547545511,1,-0.4090274709298654,1,1039707,"Atlanta, GA",1039707,"Atlanta, GA",GA,GA
1318403,"Saginaw/Bay City/Midland, MI",MI,MI,-0.3940913823542399,0.420610490001263,-0.14746625234205302,0.7034984556404803,-0.6629765272266821,1.0987894356573549,0.48952287603727435,1,-0.3795908586061407,1,1393007,"Chicago, IL",1393007,"Chicago, IL",IL,IL
1014602,"Albany, GA",GA,GA,-0.15275400484173188,-0.828419158558364,-0.14746625234205302,-0.721770812193975,0.46209644595254834,-1.3009735438849686,-1.0205138704556562,1,-0.4090274709298654,1,1039707,"Atlanta, GA",1039707,"Atlanta, GA",GA,GA
1157706,"Erie, PA",PA,PA,-0.635428759866748,-0.26480216159437336,-0.14746625234205302,-0.08817125204615343,-1.0380008516197587,0.08225533691668892,0.5663133661652736,1,-0.4090274709298654,1,1143302,"Detroit, MI",1143302,"Detroit, MI",MI,MI
1471105,"State College, PA",PA,PA,-0.5147600711104939,0.3996022219615336,-0.14746625234205302,0.49415395542420415,-0.5379684190956565,2.455803885521852,2.965200839623353,1,-0.4090274709298654,1,1143302,"Detroit, MI",1143302,"Detroit, MI",MI,MI
1107602,"Hancock/Houghton, MI",MI,MI,-0.7560974486230019,-0.35893921473325663,-0.14746625234205302,-0.03926527000672876,0.9621288784766507,1.8208704244822829,1.6665199717491683,1,-0.4163866240107966,1,1393007,"Chicago, IL",1393007,"Chicago, IL",IL,IL
1147103,"Eau Claire, WI",WI,WI,-1.118103514891764,0.9161812224922264,-0.14746625234205302,0.3628752341730538,0.08707212155947153,1.7793875827579289,3.2214922363603278,1,-0.4163866240107966,1,1393007,"Chicago, IL",1393007,"Chicago, IL",IL,IL
1289902,"North Platte, NE",NE,NE,-1.118103514891764,-1.0432701039300263,-0.14746625234205302,-0.7995807446220777,-0.7879846353577077,-0.40251420006624616,0.20451615497397158,1,-0.4163866240107966,1,1129202,"Denver, CO",1129202,"Denver, CO",CO,CO
1312102,"Lewisburg, WV",WV,WV,-1.118103514891764,0.9357285477247888,-0.14746625234205302,0.3903551844871111,0.7121126622145996,1.228323194797195,1.7204667792518815,1,-0.4163866240107966,1,1393007,"Chicago, IL",1393007,"Chicago, IL",IL,IL
1480202,"Staunton, VA",VA,VA,-0.2734226935979859,0.43611993232943097,-0.14746625234205302,0.6153909657514712,0.21208022969049714,-0.8302659117956733,0.5663133661652736,1,-0.4163866240107966,1,1226402,"Washington, DC",1226402,"Washington, DC",VA,NA
1334403,"Muskegon, MI",MI,MI,-1.359440892404272,-0.34639203115501954,-0.14746625234205302,-0.12708922336244244,-0.037935986571554066,0.42908353498100554,3.097832077193483,1,-0.4163866240107966,1,1393007,"Chicago, IL",1393007,"Chicago, IL",IL,IL
1146802,"Kearney, NE",NE,NE,-2.324790402454304,-0.3736536356615641,1.5013333399803304,-1.0286822380511993,-0.2879522028336053,-0.3775656885156169,-0.7062147559558584,1,-0.4163866240107966,1,1129202,"Denver, CO",1129202,"Denver, CO",CO,CO
1558203,"Vernal, UT",UT,UT,-0.7560974486230019,0.33848841335378155,-0.14746625234205302,0.26065002663004727,-1.2880170678818101,0.48086281179808626,2.3594211746086864,1,-0.4163866240107966,1,1129202,"Denver, CO",1129202,"Denver, CO",CO,CO
1109203,"Moab, UT",UT,UT,-2.324790402454304,-0.3637245927361951,-0.14746625234205302,-0.4013760152496821,-0.6629765272266821,0.49714367544944205,1.2748801614372678,1,-0.4163866240107966,1,1129202,"Denver, CO",1129202,"Denver, CO",CO,CO
1186502,"Gillette, WY",WY,WY,-0.635428759866748,2.331026017433824,-0.14746625234205302,-0.7472707439980898,0.9621288784766507,1.117753306791837,-0.09151896815158292,1,-0.4163866240107966,1,1129202,"Denver, CO",1129202,"Denver, CO",CO,CO
1454303,"Rock Springs, WY",WY,WY,-0.3940913823542399,-0.02288313191524623,-0.14746625234205302,2.225917721926372,0.7121126622145996,-1.4565503182813373,1.2025774272258398,1,-0.4163866240107966,1,1129202,"Denver, CO",1129202,"Denver, CO",CO,CO
1290205,"Liberal, KS",KS,KS,-0.8767661373792559,-0.8439626656011424,-0.14746625234205302,-0.6646999616631628,0.9621288784766507,-1.11165233098652,-0.7782446496608281,1,-0.4163866240107966,1,1129202,"Denver, CO",1428805,"Pueblo, CO",CO,CO
1428805,"Pueblo, CO",CO,CO,-0.8767661373792559,-1.0081594460900118,-0.14746625234205302,-0.8342889696300061,0.21208022969049714,0.09323285889092953,-0.1433657788638189,1,-0.4090274709298654,1,1129202,"Denver, CO",1129202,"Denver, CO",CO,CO
1400602,"Paducah, KY",KY,KY,-1.359440892404272,0.48795879084985677,1.7261696480242912,0.2727395513366485,1.4621613110007532,0.24203068599748456,1.7327974781096451,1,-0.39982852957870146,1,1393007,"Chicago, IL",1393007,"Chicago, IL",IL,IL
1096702,"Cape Girardeau, MO",MO,MO,-0.8767661373792559,0.027121090877821545,-0.14746625234205302,0.44393327197501486,0.9621288784766507,-0.20500980617242107,2.2946724574044226,1,-0.4090274709298654,1,1400602,"Paducah, KY",1400602,"Paducah, KY",KY,KY
1545405,"Quincy, IL",IL,IL,-0.15275400484173188,0.450801005078999,-0.14746625234205302,2.139760346571498,1.4621613110007532,1.9962784812234877,1.9095374950709127,5,-0.41454683574056383,5,1393007,"Chicago, IL",1393007,"Chicago, IL",IL,IL
1055803,"Scottsbluff, NE",NE,NE,-1.118103514891764,-1.3789928664256221,-0.14746625234205302,-0.6535078314056084,0.08707212155947153,-0.9017527348948148,0.16253040433837587,1,-0.4163866240107966,1,1129202,"Denver, CO",1129202,"Denver, CO",CO,CO
1144705,"Devils Lake, ND",ND,ND,-0.635428759866748,4.104936628589768,1.5700333229937626,5.409552123412071,1.212145094738702,-0.39754677276957845,1.4056404254366586,1,-0.4163866240107966,1,1251902,"Jamestown, ND",1251902,"Jamestown, ND",ND,ND
1251902,"Jamestown, ND",ND,ND,-0.3940913823542399,4.724931846066931,2.0509332040877917,3.7188053181689726,0.9621288784766507,0.7519428443958258,0.7784013865187956,1,-0.4090274709298654,1,1144705,"Devils Lake, ND",1129202,"Denver, CO",ND,CO
1288802,"Laramie, WY",WY,WY,-1.359440892404272,-0.12858604918783564,-0.14746625234205302,2.791319640670024,0.46209644595254834,-0.47048402896310093,0.7223781358593745,1,-0.4163866240107966,1,1129202,"Denver, CO",1129202,"Denver, CO",CO,CO
1225502,"Hays, KS",KS,KS,-1.359440892404272,1.3520894156033803,-0.14746625234205302,0.9124372990393028,1.4621613110007532,-0.2467865222811151,1.067202095085294,1,-0.40166831784893425,1,1487706,"Salina, KS",1129202,"Denver, CO",KS,CO
1487706,"Salina, KS",KS,KS,-0.8767661373792559,1.0993838431818457,-0.14746625234205302,1.7885506504779727,-0.037935986571554066,4.273666015838023,2.5019899462931927,1,-0.4090274709298654,1,1225502,"Hays, KS",1225502,"Hays, KS",KS,KS
1423705,"Prescott, AZ",AZ,AZ,-0.9974348261355099,-1.187400748802293,-0.14746625234205302,-0.7613060492108982,-1.2880170678818101,-0.22218036776080025,-0.18283625411571564,1,-0.4163866240107966,1,1129202,"Denver, CO",1129202,"Denver, CO",CO,CO
1448702,"Redding, CA",CA,CA,-0.8767661373792559,-0.06420001100092851,-0.14746625234205302,-0.07100600907485849,0.46209644595254834,0.29906311325104484,0.3446932999531663,5,-0.4071876826596326,5,1477104,"San Francisco, CA",1477104,"San Francisco, CA",CA,CA
1396403,"North Bend/Coos Bay, OR",OR,OR,-0.8767661373792559,-0.8032011896724854,-0.14746625234205302,-0.6641328344706916,0.21208022969049714,0.5739277675356008,0.5663133661652736,1,-0.4237457770917278,1,1477104,"San Francisco, CA",1477104,"San Francisco, CA",CA,CA
1017004,"Kodiak, AK",AK,AK,-2.324790402454304,-0.6483642591004252,-0.14746625234205302,-0.428276642524277,0.7121126622145996,-1.8097832746181637,0.12212902165129355,1,-0.4163866240107966,1,1029906,"Anchorage, AK",1029906,"Anchorage, AK",AK,AK
1055102,"Bethel, AK",AK,AK,-1.721446958673034,-0.49827055913036195,-0.14746625234205302,-0.5312838889195672,0.9621288784766507,-1.4463087508929289,-0.5104411987064531,1,-0.4090274709298654,1,1029906,"Anchorage, AK",1029906,"Anchorage, AK",AK,AK
1470904,"Deadhorse, AK",AK,AK,-2.0834530249417957,-1.2737215048348713,1.8632649578071945,-1.173695651549904,0.21208022969049714,-1.0206859114892384,-1.3967940417411069,1,-0.4090274709298654,1,1075405,"Barrow, AK",1029906,"Anchorage, AK",AK,AK
1075405,"Barrow, AK",AK,AK,-1.8421156474292881,-1.277547143948273,1.2265334079265993,-1.17142392239162,1.212145094738702,-0.5074546469752906,-1.70449112761985,1,-0.4163866240107966,1,1029906,"Anchorage, AK",1470904,"Deadhorse, AK",AK,AK
1163002,"Fairbanks, AK",AK,AK,-1.359440892404272,-0.7243632588445983,-0.14746625234205302,-0.9505206889682122,0.46209644595254834,-0.5501471785200294,-1.4286586754309676,5,-0.34095530493125203,5,1029906,"Anchorage, AK",1029906,"Anchorage, AK",AK,AK
1252306,"Juneau, AK",AK,AK,-1.118103514891764,-0.21751954912239552,0.4250336061032186,-0.5328778602028638,0.7121126622145996,-0.8374290986473769,-0.34873777465327876,4,-0.35015424628241604,1,1474703,"Seattle, WA",1029906,"Anchorage, AK",AK,AK
1281902,"Ketchikan, AK",AK,AK,-1.60077826991678,0.03384729241885121,-0.14746625234205302,0.11118884133214667,1.212145094738702,-0.6203136617161549,-0.28454863264944796,3,-0.3869500116870719,2,1474703,"Seattle, WA",1474703,"Seattle, WA",WA,WA
1092603,"Cordova, AK",AK,AK,-3.290139912504336,-0.27842943241925033,9.63354827838395,-0.7662105884777294,2.212209959786907,-1.4955199977653777,-0.8218991306941431,1,-0.4163866240107966,1,1029906,"Anchorage, AK",1599102,"Yakutat, AK",AK,AK
1599102,"Yakutat, AK",AK,AK,-3.048802534991828,0.17997775745256395,13.342712230295628,-0.6437065345971067,1.9621937435248555,-0.9594380437565795,0.42225357875533404,1,-0.4163866240107966,1,1092603,"Cordova, AK",1252306,"Juneau, AK",AK,AK
1482805,"Sitka, AK",AK,AK,-1.8421156474292881,-0.4632788183620586,-0.14746625234205302,-0.7603068966778889,2.5872342841799836,-0.5591994235263121,-0.38808272542557526,1,-0.4090274709298654,1,1252306,"Juneau, AK",1252306,"Juneau, AK",AK,AK
1584102,"Wrangell, AK",AK,AK,-1.238772203648018,0.40164388132237355,-0.14746625234205302,-0.23615285982214304,2.337218067917932,-0.8943291198678548,-0.8004760983352015,1,-0.4163866240107966,1,1281902,"Ketchikan, AK",1425605,"Petersburg, AK",AK,AK
1425605,"Petersburg, AK",AK,AK,-0.8767661373792559,0.08943883533125885,-0.14746625234205302,1.193141634832606,1.4621613110007532,1.797783882445859,-0.17799553545274693,1,-0.4163866240107966,1,1584102,"Wrangell, AK",1252306,"Juneau, AK",AK,AK
1387305,"Nome, AK",AK,AK,-2.0834530249417957,-1.057094221932018,-0.14746625234205302,-0.8258002582240527,0.7121126622145996,-1.9074668889468043,-0.6749230808217322,1,-0.4163866240107966,1,1029906,"Anchorage, AK",1029906,"Anchorage, AK",AK,AK
1397005,"Kotzebue, AK",AK,AK,-2.686796468723066,-0.8524037107534044,-0.14746625234205302,-0.7688099500452522,1.0871369866076763,-1.5995235018889367,-0.9525105215276903,1,-0.4163866240107966,1,1029906,"Anchorage, AK",1029906,"Anchorage, AK",AK,AK
1016506,"Adak Island, AK",AK,AK,0.8125955052083003,-1.1882305867741683,-0.14746625234205302,-0.7720466605629794,-4.538227879288475,-0.5161107375850656,-0.21134270846430714,3,-0.4237457770917278,3,1029906,"Anchorage, AK",1029906,"Anchorage, AK",AK,AK
1217705,"Hobbs, NM",NM,NM,-1.118103514891764,0.298153440031935,-0.14746625234205302,-0.46006532708794257,-0.037935986571554066,-1.1887035619075546,-0.6074841257912876,1,-0.4163866240107966,1,1226603,"Houston, TX",1226603,"Houston, TX",TX,TX
1535602,"Trenton, NJ",NJ,NJ,0.8125955052083003,-0.2578213195566788,-0.14746625234205302,-0.002444645367834642,-0.5379684190956565,0.07122092599598524,0.6986058937125201,2,-0.3795908586061407,2,1320402,"Orlando, FL",1320402,"Orlando, FL",FL,FL
1422206,"Pago Pago, TT",NA,NA,1.0539328827208083,-1.4782152507003088,-0.14746625234205302,-1.1120700270204573,-2.0380657166679637,1.5849460003577058,-0.532688193848431,1,-0.4237457770917278,1,1217305,"Honolulu, HI",1217305,"Honolulu, HI",HI,HI
1115005,"Columbus, GA",GA,GA,-0.2734226935979859,-0.09547769055796253,-0.14746625234205302,-0.5260069545754782,-0.037935986571554066,-0.9707801067184224,-0.6208622599599286,1,-0.4090274709298654,1,1039707,"Atlanta, GA",1039707,"Atlanta, GA",GA,GA
1289806,"Latrobe, PA",PA,PA,-1.118103514891764,-0.5921750932944194,-0.14746625234205302,-0.4290905647701955,-0.16294409470257967,-0.8956280638089112,-0.1433657788638189,1,-0.4090274709298654,1,1320402,"Orlando, FL",1320402,"Orlando, FL",FL,FL
1015804,"Atlantic City, NJ",NJ,NJ,-0.635428759866748,-0.38455747112962607,-0.14746625234205302,-0.19415915565841316,0.21208022969049714,-1.0854849087784737,-0.5862457747457852,1,-0.3575133993633472,1,1169706,"Fort Lauderdale, FL",1169706,"Fort Lauderdale, FL",FL,FL
1212402,"Hilton Head, SC",SC,SC,-0.2734226935979859,-1.1564718677451258,-0.14746625234205302,-0.850770911882547,1.3371532028697275,-0.6893686846489419,-0.08509983920625834,1,-0.4090274709298654,1,1105703,"Charlotte, NC",1105703,"Charlotte, NC",NC,NC
